round,mode,test_acc,val_acc,included,refunds,published,dropped,unretrievable,invalid,store_get_failures,global_cid,wall_seconds_cumulative
0,bcfl_mock,0.7697142857142857,0.766,38,50,50,0,0,12,0,sha256:36466641c49ff89cbaea13005c76991e81801887b5d3a87100eaca00f09ddeb0,0.06741761600278551
1,bcfl_mock,0.846,0.8432380952380952,37,50,50,0,0,13,0,sha256:83616f3e0b36f4541da62145af182931148d4273a6a616237779e835c66c8bf7,0.14088623600400751
2,bcfl_mock,0.8650857142857142,0.8638095238095238,37,50,50,0,0,13,0,sha256:8410584b54d4546116ca952ddd6fd43d5042a2cedf3b2aa425d95fc8561f62c3,0.211726493005699
3,bcfl_mock,0.8749714285714286,0.8739047619047619,34,50,50,0,0,16,0,sha256:7004ee4db062dfe4af16801abe78aed25aee592ff73f2653afee62b64455c785,0.2766449990012916
4,bcfl_mock,0.8801142857142857,0.8795238095238095,43,50,50,0,0,7,0,sha256:b8255a64cad69230fe57174f5917e551defeb9410df0af2a5d3688f6225dcb83,0.3433029419975355
5,bcfl_mock,0.8845142857142857,0.8816190476190476,42,50,50,0,0,8,0,sha256:da88e03931e78249fed993827fd41210ee91fcd67ec84afb001907f141241f8e,0.4092093279978144
6,bcfl_mock,0.8871428571428571,0.8828571428571429,34,50,50,0,0,16,0,sha256:2b84ec1c3dc8e7bba141532fdff2565530a1d2a2a4489f766a54d99fec010a3b,0.471318058000179
7,bcfl_mock,0.8912,0.8874285714285715,42,50,50,0,0,8,0,sha256:f11a923488720e797751b8be05fc0e81ecfb788dd1f015d37a8539df9d51f30e,0.5517771070008166
8,bcfl_mock,0.8930857142857143,0.8899047619047619,44,50,50,0,0,6,0,sha256:29ea008e01156082b4fcb23214bb5ab3cedddfcfb3f7ec74e2af8068bc97104f,0.6142638530072873
9,bcfl_mock,0.8947428571428572,0.8918095238095238,37,50,50,0,0,13,0,sha256:ad2abb955ecf4945c496c1fb07d111074b1c608ee750d1bd0fecde55dbf6ab9c,0.6840957500025979
10,bcfl_mock,0.8966285714285714,0.8927619047619048,36,50,50,0,0,14,0,sha256:794ece2390bcaa07861b8a1383d23c03d66c2d7bfdd9b19f7614c368bba64aae,0.7492191740020644
11,bcfl_mock,0.8967428571428572,0.894,43,50,50,0,0,7,0,sha256:944821c2ec4f6c92e1091876e2ea3930321ad8700643ece3bfe5ee183732c143,0.807910339004593
