round,mode,test_acc,val_acc,included
0,plain,0.7938285714285714,0.7906666666666666,50
1,plain,0.8559428571428571,0.8527619047619047,50
2,plain,0.8709714285714286,0.8683809523809524,50
3,plain,0.8793142857142857,0.8763809523809524,50
4,plain,0.8836,0.8808571428571429,50
5,plain,0.8867428571428572,0.8837142857142857,50
6,plain,0.8898285714285714,0.8875238095238095,50
7,plain,0.8916571428571428,0.890095238095238,50
8,plain,0.8942857142857142,0.8909523809523809,50
9,plain,0.8965142857142857,0.8925714285714286,50
10,plain,0.8977142857142857,0.8937142857142857,50
11,plain,0.8992,0.8952380952380953,50
