seed,failure_type,failure_rate,scenario,backend,dataset,n_total,clients,rounds,plain_final_test_acc,auditfl_final_test_acc,accuracy_gap_vs_plain,mean_included,mean_refunds,mean_unretrievable,mean_invalid,store_puts,store_gets,store_get_failures,tx_count_or_estimate,gas_model_or_estimate
1,dropout,0.0,dropout_0.00,mock,mnist_784,70000,50,12,0.8990285714285714,0.8990285714285714,0.0,50.0,50.0,0.0,0.0,613,600,0,1275,123569000
2,dropout,0.0,dropout_0.00,mock,mnist_784,70000,50,12,0.8992,0.8992,0.0,50.0,50.0,0.0,0.0,613,600,0,1275,123569000
3,dropout,0.0,dropout_0.00,mock,mnist_784,70000,50,12,0.9009714285714284,0.9009714285714284,0.0,50.0,50.0,0.0,0.0,613,600,0,1275,123569000
1,dropout,0.1,dropout_0.10,mock,mnist_784,70000,50,12,0.8990285714285714,0.8984,-0.0006285714285714,44.583333333333336,44.583333333333336,0.0,0.0,548,535,0,1145,110634000
2,dropout,0.1,dropout_0.10,mock,mnist_784,70000,50,12,0.8992,0.8996,0.0003999999999999,45.0,45.0,0.0,0.0,553,540,0,1155,111629000
3,dropout,0.1,dropout_0.10,mock,mnist_784,70000,50,12,0.9009714285714284,0.9005142857142857,-0.0004571428571428,44.25,44.25,0.0,0.0,544,531,0,1137,109838000
1,dropout,0.15,dropout_0.15,mock,mnist_784,70000,50,12,0.8990285714285714,0.8982285714285714,-0.0008,42.583333333333336,42.583333333333336,0.0,0.0,524,511,0,1097,105858000
2,dropout,0.15,dropout_0.15,mock,mnist_784,70000,50,12,0.8992,0.898,-0.0011999999999999,43.083333333333336,43.083333333333336,0.0,0.0,530,517,0,1109,107052000
3,dropout,0.15,dropout_0.15,mock,mnist_784,70000,50,12,0.9009714285714284,0.9002857142857142,-0.0006857142857142,41.66666666666666,41.66666666666666,0.0,0.0,513,500,0,1075,103669000
1,dropout,0.2,dropout_0.20,mock,mnist_784,70000,50,12,0.8990285714285714,0.8988,-0.0002285714285713,41.16666666666666,41.16666666666666,0.0,0.0,507,494,0,1063,102475000
2,dropout,0.2,dropout_0.20,mock,mnist_784,70000,50,12,0.8992,0.8994285714285715,0.0002285714285714,40.41666666666666,40.41666666666666,0.0,0.0,498,485,0,1045,100684000
3,dropout,0.2,dropout_0.20,mock,mnist_784,70000,50,12,0.9009714285714284,0.9005714285714286,-0.0003999999999999,38.91666666666666,38.91666666666666,0.0,0.0,480,467,0,1009,97102000
1,dropout,0.25,dropout_0.25,mock,mnist_784,70000,50,12,0.8990285714285714,0.8985714285714286,-0.0004571428571428,38.5,38.5,0.0,0.0,475,462,0,999,96107000
2,dropout,0.25,dropout_0.25,mock,mnist_784,70000,50,12,0.8992,0.8982857142857142,-0.0009142857142857,37.41666666666666,37.41666666666666,0.0,0.0,462,449,0,973,93520000
3,dropout,0.25,dropout_0.25,mock,mnist_784,70000,50,12,0.9009714285714284,0.8993142857142857,-0.0016571428571428,36.66666666666666,36.66666666666666,0.0,0.0,453,440,0,955,91729000
1,dropout,0.3,dropout_0.30,mock,mnist_784,70000,50,12,0.8990285714285714,0.8981714285714286,-0.0008571428571427,35.583333333333336,35.583333333333336,0.0,0.0,440,427,0,929,89142000
2,dropout,0.3,dropout_0.30,mock,mnist_784,70000,50,12,0.8992,0.8994857142857143,0.0002857142857143,35.75,35.75,0.0,0.0,442,429,0,933,89540000
3,dropout,0.3,dropout_0.30,mock,mnist_784,70000,50,12,0.9009714285714284,0.9005142857142857,-0.0004571428571428,33.916666666666664,33.916666666666664,0.0,0.0,420,407,0,889,85162000
1,dropout,0.35,dropout_0.35,mock,mnist_784,70000,50,12,0.8990285714285714,0.8977142857142857,-0.0013142857142857,32.666666666666664,32.666666666666664,0.0,0.0,405,392,0,859,82177000
2,dropout,0.35,dropout_0.35,mock,mnist_784,70000,50,12,0.8992,0.8993714285714286,0.0001714285714286,33.25,33.25,0.0,0.0,412,399,0,873,83570000
3,dropout,0.35,dropout_0.35,mock,mnist_784,70000,50,12,0.9009714285714284,0.8993714285714286,-0.0015999999999999,31.33333333333333,31.33333333333333,0.0,0.0,389,376,0,827,78993000
1,dropout,0.4,dropout_0.40,mock,mnist_784,70000,50,12,0.8990285714285714,0.8985142857142857,-0.0005142857142856,30.166666666666668,30.166666666666668,0.0,0.0,375,362,0,799,76207000
2,dropout,0.4,dropout_0.40,mock,mnist_784,70000,50,12,0.8992,0.8990285714285714,-0.0001714285714286,31.0,31.0,0.0,0.0,385,372,0,819,78197000
3,dropout,0.4,dropout_0.40,mock,mnist_784,70000,50,12,0.9009714285714284,0.9000571428571429,-0.0009142857142856,28.75,28.75,0.0,0.0,358,345,0,765,72824000
1,dropout,0.45,dropout_0.45,mock,mnist_784,70000,50,12,0.8990285714285714,0.8990857142857143,5.714285714286671e-05,28.166666666666668,28.166666666666668,0.0,0.0,351,338,0,751,71431000
2,dropout,0.45,dropout_0.45,mock,mnist_784,70000,50,12,0.8992,0.8994857142857143,0.0002857142857143,28.83333333333333,28.83333333333333,0.0,0.0,359,346,0,767,73023000
3,dropout,0.45,dropout_0.45,mock,mnist_784,70000,50,12,0.9009714285714284,0.8996571428571428,-0.0013142857142857,26.33333333333333,26.33333333333333,0.0,0.0,329,316,0,707,67053000
1,dropout,0.5,dropout_0.50,mock,mnist_784,70000,50,12,0.8990285714285714,0.8976,-0.0014285714285714,26.33333333333333,26.33333333333333,0.0,0.0,329,316,0,707,67053000
2,dropout,0.5,dropout_0.50,mock,mnist_784,70000,50,12,0.8992,0.8995428571428571,0.000342857142857,26.08333333333333,26.08333333333333,0.0,0.0,326,313,0,701,66456000
3,dropout,0.5,dropout_0.50,mock,mnist_784,70000,50,12,0.9009714285714284,0.8996571428571428,-0.0013142857142857,23.666666666666668,23.666666666666668,0.0,0.0,297,284,0,643,60685000
1,invalid,0.0,invalid_0.00,mock,mnist_784,70000,50,12,0.8990285714285714,0.8990285714285714,0.0,50.0,50.0,0.0,0.0,613,600,0,1275,123569000
2,invalid,0.0,invalid_0.00,mock,mnist_784,70000,50,12,0.8992,0.8992,0.0,50.0,50.0,0.0,0.0,613,600,0,1275,123569000
3,invalid,0.0,invalid_0.00,mock,mnist_784,70000,50,12,0.9009714285714284,0.9009714285714284,0.0,50.0,50.0,0.0,0.0,613,600,0,1275,123569000
1,invalid,0.1,invalid_0.10,mock,mnist_784,70000,50,12,0.8990285714285714,0.8980571428571429,-0.0009714285714285,44.833333333333336,50.0,0.0,5.166666666666667,613,600,0,1275,122949000
2,invalid,0.1,invalid_0.10,mock,mnist_784,70000,50,12,0.8992,0.8994285714285715,0.0002285714285714,45.583333333333336,50.0,0.0,4.416666666666667,613,600,0,1275,123039000
3,invalid,0.1,invalid_0.10,mock,mnist_784,70000,50,12,0.9009714285714284,0.9004,-0.0005714285714285,44.333333333333336,50.0,0.0,5.666666666666667,613,600,0,1275,122889000
1,invalid,0.15,invalid_0.15,mock,mnist_784,70000,50,12,0.8990285714285714,0.8977142857142857,-0.0013142857142857,43.0,50.0,0.0,7.0,613,600,0,1275,122729000
2,invalid,0.15,invalid_0.15,mock,mnist_784,70000,50,12,0.8992,0.8992571428571429,5.714285714286671e-05,43.333333333333336,50.0,0.0,6.666666666666667,613,600,0,1275,122769000
3,invalid,0.15,invalid_0.15,mock,mnist_784,70000,50,12,0.9009714285714284,0.9005142857142857,-0.0004571428571428,41.66666666666666,50.0,0.0,8.333333333333334,613,600,0,1275,122569000
1,invalid,0.2,invalid_0.20,mock,mnist_784,70000,50,12,0.8990285714285714,0.8974285714285715,-0.0015999999999999,41.16666666666666,50.0,0.0,8.833333333333334,613,600,0,1275,122509000
2,invalid,0.2,invalid_0.20,mock,mnist_784,70000,50,12,0.8992,0.8994857142857143,0.0002857142857143,40.833333333333336,50.0,0.0,9.166666666666666,613,600,0,1275,122469000
3,invalid,0.2,invalid_0.20,mock,mnist_784,70000,50,12,0.9009714285714284,0.8996571428571428,-0.0013142857142857,38.583333333333336,50.0,0.0,11.416666666666666,613,600,0,1275,122199000
1,invalid,0.25,invalid_0.25,mock,mnist_784,70000,50,12,0.8990285714285714,0.8967428571428572,-0.0022857142857142,38.91666666666666,50.0,0.0,11.083333333333334,613,600,0,1275,122239000
2,invalid,0.25,invalid_0.25,mock,mnist_784,70000,50,12,0.8992,0.8998857142857143,0.0006857142857142,37.91666666666666,50.0,0.0,12.083333333333334,613,600,0,1275,122119000
3,invalid,0.25,invalid_0.25,mock,mnist_784,70000,50,12,0.9009714285714284,0.9000571428571429,-0.0009142857142856,36.333333333333336,50.0,0.0,13.666666666666666,613,600,0,1275,121929000
1,invalid,0.3,invalid_0.30,mock,mnist_784,70000,50,12,0.8990285714285714,0.8968,-0.0022285714285713,36.333333333333336,50.0,0.0,13.666666666666666,613,600,0,1275,121929000
2,invalid,0.3,invalid_0.30,mock,mnist_784,70000,50,12,0.8992,0.9001142857142858,0.0009142857142857,34.916666666666664,50.0,0.0,15.083333333333334,613,600,0,1275,121759000
3,invalid,0.3,invalid_0.30,mock,mnist_784,70000,50,12,0.9009714285714284,0.9001142857142858,-0.0008571428571427,34.166666666666664,50.0,0.0,15.833333333333334,613,600,0,1275,121669000
1,invalid,0.35,invalid_0.35,mock,mnist_784,70000,50,12,0.8990285714285714,0.8968571428571429,-0.0021714285714284,33.833333333333336,50.0,0.0,16.166666666666668,613,600,0,1275,121629000
2,invalid,0.35,invalid_0.35,mock,mnist_784,70000,50,12,0.8992,0.8994285714285715,0.0002285714285714,32.25,50.0,0.0,17.75,613,600,0,1275,121439000
3,invalid,0.35,invalid_0.35,mock,mnist_784,70000,50,12,0.9009714285714284,0.9003428571428571,-0.0006285714285714,32.333333333333336,50.0,0.0,17.666666666666668,613,600,0,1275,121449000
1,invalid,0.4,invalid_0.40,mock,mnist_784,70000,50,12,0.8990285714285714,0.8963428571428571,-0.0026857142857142,31.416666666666668,50.0,0.0,18.58333333333333,613,600,0,1275,121339000
2,invalid,0.4,invalid_0.40,mock,mnist_784,70000,50,12,0.8992,0.8996571428571428,0.0004571428571428,29.75,50.0,0.0,20.25,613,600,0,1275,121139000
3,invalid,0.4,invalid_0.40,mock,mnist_784,70000,50,12,0.9009714285714284,0.8995428571428571,-0.0014285714285714,29.0,50.0,0.0,21.0,613,600,0,1275,121049000
1,invalid,0.45,invalid_0.45,mock,mnist_784,70000,50,12,0.8990285714285714,0.8957142857142857,-0.0033142857142857,28.33333333333333,50.0,0.0,21.666666666666668,613,600,0,1275,120969000
2,invalid,0.45,invalid_0.45,mock,mnist_784,70000,50,12,0.8992,0.8989142857142857,-0.0002857142857143,26.83333333333333,50.0,0.0,23.166666666666668,613,600,0,1275,120789000
3,invalid,0.45,invalid_0.45,mock,mnist_784,70000,50,12,0.9009714285714284,0.8995428571428571,-0.0014285714285714,26.33333333333333,50.0,0.0,23.666666666666668,613,600,0,1275,120729000
1,invalid,0.5,invalid_0.50,mock,mnist_784,70000,50,12,0.8990285714285714,0.8967428571428572,-0.0022857142857142,26.25,50.0,0.0,23.75,613,600,0,1275,120719000
2,invalid,0.5,invalid_0.50,mock,mnist_784,70000,50,12,0.8992,0.8984,-0.0008,24.75,50.0,0.0,25.25,613,600,0,1275,120539000
3,invalid,0.5,invalid_0.50,mock,mnist_784,70000,50,12,0.9009714285714284,0.9003428571428571,-0.0006285714285714,23.666666666666668,50.0,0.0,26.33333333333333,613,600,0,1275,120409000
1,storage,0.0,storage_0.00,mock,mnist_784,70000,50,12,0.8990285714285714,0.8990285714285714,0.0,50.0,50.0,0.0,0.0,613,600,0,1275,123569000
2,storage,0.0,storage_0.00,mock,mnist_784,70000,50,12,0.8992,0.8992,0.0,50.0,50.0,0.0,0.0,613,600,0,1275,123569000
3,storage,0.0,storage_0.00,mock,mnist_784,70000,50,12,0.9009714285714284,0.9009714285714284,0.0,50.0,50.0,0.0,0.0,613,600,0,1275,123569000
1,storage,0.1,storage_0.10,mock,mnist_784,70000,50,12,0.8990285714285714,0.8994857142857143,0.0004571428571429,45.25,45.25,4.75,0.0,613,600,57,1275,122429000
2,storage,0.1,storage_0.10,mock,mnist_784,70000,50,12,0.8992,0.8992571428571429,5.714285714286671e-05,45.16666666666666,45.16666666666666,4.833333333333333,0.0,613,600,58,1275,122409000
3,storage,0.1,storage_0.10,mock,mnist_784,70000,50,12,0.9009714285714284,0.9010857142857144,0.0001142857142857,45.41666666666666,45.41666666666666,4.583333333333333,0.0,613,600,55,1275,122469000
1,storage,0.15,storage_0.15,mock,mnist_784,70000,50,12,0.8990285714285714,0.8994285714285715,0.0004,43.25,43.25,6.75,0.0,613,600,81,1275,121949000
2,storage,0.15,storage_0.15,mock,mnist_784,70000,50,12,0.8992,0.8990857142857143,-0.0001142857142857,42.333333333333336,42.333333333333336,7.666666666666667,0.0,613,600,92,1275,121729000
3,storage,0.15,storage_0.15,mock,mnist_784,70000,50,12,0.9009714285714284,0.9007428571428572,-0.0002285714285713,43.25,43.25,6.75,0.0,613,600,81,1275,121949000
1,storage,0.2,storage_0.20,mock,mnist_784,70000,50,12,0.8990285714285714,0.8984571428571428,-0.0005714285714285,41.083333333333336,41.083333333333336,8.916666666666666,0.0,613,600,107,1275,121429000
2,storage,0.2,storage_0.20,mock,mnist_784,70000,50,12,0.8992,0.8984,-0.0008,40.0,40.0,10.0,0.0,613,600,120,1275,121169000
3,storage,0.2,storage_0.20,mock,mnist_784,70000,50,12,0.9009714285714284,0.9010285714285714,5.714285714286671e-05,40.41666666666666,40.41666666666666,9.583333333333334,0.0,613,600,115,1275,121269000
1,storage,0.25,storage_0.25,mock,mnist_784,70000,50,12,0.8990285714285714,0.8983428571428571,-0.0006857142857142,38.083333333333336,38.083333333333336,11.916666666666666,0.0,613,600,143,1275,120709000
2,storage,0.25,storage_0.25,mock,mnist_784,70000,50,12,0.8992,0.8975428571428572,-0.0016571428571428,37.41666666666666,37.41666666666666,12.583333333333334,0.0,613,600,151,1275,120549000
3,storage,0.25,storage_0.25,mock,mnist_784,70000,50,12,0.9009714285714284,0.9009142857142856,-5.714285714286671e-05,38.25,38.25,11.75,0.0,613,600,141,1275,120749000
1,storage,0.3,storage_0.30,mock,mnist_784,70000,50,12,0.8990285714285714,0.8985142857142857,-0.0005142857142856,35.333333333333336,35.333333333333336,14.666666666666666,0.0,613,600,176,1275,120049000
2,storage,0.3,storage_0.30,mock,mnist_784,70000,50,12,0.8992,0.8992,0.0,35.333333333333336,35.333333333333336,14.666666666666666,0.0,613,600,176,1275,120049000
3,storage,0.3,storage_0.30,mock,mnist_784,70000,50,12,0.9009714285714284,0.9006857142857143,-0.0002857142857142,36.0,36.0,14.0,0.0,613,600,168,1275,120209000
1,storage,0.35,storage_0.35,mock,mnist_784,70000,50,12,0.8990285714285714,0.8986285714285714,-0.0003999999999999,32.583333333333336,32.583333333333336,17.416666666666668,0.0,613,600,209,1275,119389000
2,storage,0.35,storage_0.35,mock,mnist_784,70000,50,12,0.8992,0.8984,-0.0008,33.25,33.25,16.75,0.0,613,600,201,1275,119549000
3,storage,0.35,storage_0.35,mock,mnist_784,70000,50,12,0.9009714285714284,0.9006857142857143,-0.0002857142857142,33.416666666666664,33.416666666666664,16.583333333333332,0.0,613,600,199,1275,119589000
1,storage,0.4,storage_0.40,mock,mnist_784,70000,50,12,0.8990285714285714,0.8982857142857142,-0.0007428571428571,30.5,30.5,19.5,0.0,613,600,234,1275,118889000
2,storage,0.4,storage_0.40,mock,mnist_784,70000,50,12,0.8992,0.8988,-0.0003999999999999,30.25,30.25,19.75,0.0,613,600,237,1275,118829000
3,storage,0.4,storage_0.40,mock,mnist_784,70000,50,12,0.9009714285714284,0.9006285714285714,-0.000342857142857,30.416666666666668,30.416666666666668,19.58333333333333,0.0,613,600,235,1275,118869000
1,storage,0.45,storage_0.45,mock,mnist_784,70000,50,12,0.8990285714285714,0.8977714285714286,-0.0012571428571428,27.83333333333333,27.83333333333333,22.166666666666668,0.0,613,600,266,1275,118249000
2,storage,0.45,storage_0.45,mock,mnist_784,70000,50,12,0.8992,0.8985714285714286,-0.0006285714285714,27.666666666666668,27.666666666666668,22.33333333333333,0.0,613,600,268,1275,118209000
3,storage,0.45,storage_0.45,mock,mnist_784,70000,50,12,0.9009714285714284,0.9001714285714286,-0.0007999999999999,27.83333333333333,27.83333333333333,22.166666666666668,0.0,613,600,266,1275,118249000
1,storage,0.5,storage_0.50,mock,mnist_784,70000,50,12,0.8990285714285714,0.8965142857142857,-0.0025142857142856,25.916666666666668,25.916666666666668,24.08333333333333,0.0,613,600,289,1275,117789000
2,storage,0.5,storage_0.50,mock,mnist_784,70000,50,12,0.8992,0.8982857142857142,-0.0009142857142857,25.0,25.0,25.0,0.0,613,600,300,1275,117569000
3,storage,0.5,storage_0.50,mock,mnist_784,70000,50,12,0.9009714285714284,0.9004,-0.0005714285714285,25.5,25.5,24.5,0.0,613,600,294,1275,117689000
