clients,rounds,dataset,n_total,plain_acc,auditfl_acc,accuracy_gap,mean_included,measured_txs,expected_total_txs,tx_match,total_gas_used,gas_per_round,gas_per_client_round,store_puts,expected_artifacts,measured_artifacts,artifact_count_match,store_gets,expected_gets,store_get_failures,total_offchain_bytes,total_offchain_mib,avg_artifact_bytes,identifier_bytes,identifier_mib,offchain_to_identifier_ratio,offchain_bytes_per_client_round
1,12,mnist_784,70000,0.8964571428571428,0.8964571428571428,0.0,1.0,51,51,True,6747557,562296.4166666666,562296.4166666666,25,25,25,True,12,12,0,1574259,1.5013303756713867,62970.36,1775,0.0016927719116210938,886.9064788732394,131188.25
2,12,mnist_784,70000,0.8956,0.8956,0.0,2.0,76,76,True,10634396,886199.6666666666,443099.8333333333,37,37,37,True,24,24,0,2329947,2.222010612487793,62971.54054054054,2627,0.0025053024291992188,886.9231062047963,97081.125
5,12,mnist_784,70000,0.8950285714285714,0.8950285714285714,0.0,5.0,151,151,True,22309553,1859129.4166666667,371825.88333333336,73,73,73,True,60,60,0,4597011,4.384051322937012,62972.75342465754,5183,0.004942893981933594,886.9401890796836,76616.85
10,12,mnist_784,70000,0.896,0.896,0.0,10.0,276,276,True,41818928,3484910.6666666665,348491.06666666665,133,133,133,True,120,120,0,8375451,7.987452507019043,62973.31578947369,9443,0.009005546569824219,886.9481097108969,69795.425
15,12,mnist_784,70000,0.8954285714285715,0.8954285714285715,0.0,15.0,401,401,True,61292435,5107702.916666667,340513.52777777775,193,193,193,True,180,180,0,12153891,11.590853691101074,62973.52849740932,13703,0.013068199157714844,886.9511055973145,67521.61666666667
20,12,mnist_784,70000,0.8963428571428571,0.8963428571428571,0.0,20.0,526,526,True,81025382,6752115.166666667,337605.75833333336,253,253,253,True,240,240,0,15932331,15.194254875183105,62973.640316205536,17963,0.01713085174560547,886.9526805099371,66384.7125
30,12,mnist_784,70000,0.8946285714285714,0.8946285714285714,0.0,30.0,776,776,True,120387788,10032315.666666666,334410.52222222224,373,373,373,True,360,360,0,23489211,22.401057243347168,62973.75603217158,26483,0.02525615692138672,886.9543103122758,65247.808333333334
40,12,mnist_784,70000,0.8952571428571429,0.8952571428571429,0.0,40.0,1026,1026,True,160198718,13349893.166666666,333747.32916666666,493,493,493,True,480,480,0,31046079,29.607848167419434,62973.79107505071,35003,0.03338146209716797,886.9548038739537,64679.33125
50,12,mnist_784,70000,0.8950285714285714,0.8950285714285714,0.0,50.0,1276,1276,True,200161748,16680145.666666666,333602.91333333333,613,613,613,True,600,600,0,38602935,36.8146276473999,62973.79282218597,43523,0.04150676727294922,886.9548284814925,64338.225
75,12,mnist_784,70000,0.8935428571428572,0.8935428571428572,0.0,75.0,1901,1901,True,301068479,25089039.916666668,334520.53222222225,913,913,913,True,900,900,0,57495063,54.83156490325928,62973.78203723987,64823,0.061820030212402344,886.9546765808432,63883.403333333335
100,12,mnist_784,70000,0.8933142857142857,0.8933142857142857,0.0,100.0,2526,2526,True,403739426,33644952.166666664,336449.52166666667,1213,1213,1213,True,1200,1200,0,76387179,72.84849071502686,62973.76669414675,86123,0.08213329315185547,886.95446048094,63655.9825
150,12,mnist_784,70000,0.8932,0.8932,0.0,150.0,3776,3776,True,613489052,51124087.666666664,340827.25111111114,1813,1813,1813,True,1800,1800,0,114170967,108.88191890716553,62973.50634307777,128723,0.12275981903076172,886.9507935644757,63428.315
200,12,mnist_784,70000,0.8921142857142857,0.8921142857142857,0.0,200.0,5026,5026,True,829704626,69142052.16666667,345710.2608333333,2413,2413,2413,True,2400,2400,0,151954443,144.91504955291748,62973.24616659759,171323,0.16338634490966797,886.9471291070084,63314.35125
