failure_type,failure_rate,plain_final_test_acc_mean,plain_final_test_acc_std,auditfl_final_test_acc_mean,auditfl_final_test_acc_std,accuracy_gap_vs_plain_mean,accuracy_gap_vs_plain_std,mean_included_mean,mean_included_std,mean_refunds_mean,mean_refunds_std,mean_unretrievable_mean,mean_unretrievable_std,mean_invalid_mean,mean_invalid_std,store_get_failures_mean,store_get_failures_std
dropout,0.0,0.8997333333333333,0.0010756425069328968,0.8997333333333333,0.0010756425069328968,0.0,0.0,50.0,0.0,50.0,0.0,0.0,0.0,0.0,0.0,0.0,0.0
dropout,0.1,0.8997333333333333,0.0010756425069328968,0.8995047619047618,0.0010603554788355311,-0.00022857142857143334,0.0005510657577709468,44.611111111111114,0.3757708127352418,44.611111111111114,0.3757708127352418,0.0,0.0,0.0,0.0,0.0,0.0
dropout,0.15,0.8997333333333333,0.0010756425069328968,0.8988380952380952,0.0012588732679511049,-0.0008952380952380333,0.00027004660721441153,42.44444444444444,0.7184731753543154,42.44444444444444,0.7184731753543154,0.0,0.0,0.0,0.0,0.0,0.0
dropout,0.2,0.8997333333333333,0.0010756425069328968,0.8996000000000001,0.000898070494028635,-0.0001333333333332667,0.00032492804017577145,40.16666666666666,1.14564392373896,40.16666666666666,1.14564392373896,0.0,0.0,0.0,0.0,0.0,0.0
dropout,0.25,0.8997333333333333,0.0010756425069328968,0.8987238095238096,0.0005309470424673402,-0.0010095238095237666,0.0006056424036413164,37.52777777777777,0.9217033346131749,37.52777777777777,0.9217033346131749,0.0,0.0,0.0,0.0,0.0,0.0
dropout,0.3,0.8997333333333333,0.0010756425069328968,0.8993904761904762,0.001174328582232175,-0.0003428571428570667,0.000579936660862345,35.083333333333336,1.0137937550497071,35.083333333333336,1.0137937550497071,0.0,0.0,0.0,0.0,0.0,0.0
dropout,0.35,0.8997333333333333,0.0010756425069328968,0.8988190476190475,0.0009567518746571582,-0.0009142857142856667,0.0009510466844053051,32.416666666666664,0.9824855102126349,32.416666666666664,0.9824855102126349,0.0,0.0,0.0,0.0,0.0,0.0
dropout,0.4,0.8997333333333333,0.0010756425069328968,0.8992,0.000785584404849595,-0.0005333333333332667,0.00037179469135122827,29.972222222222225,1.1375330683024052,29.972222222222225,1.1375330683024052,0.0,0.0,0.0,0.0,0.0,0.0
dropout,0.45,0.8997333333333333,0.0010756425069328968,0.8994095238095238,0.00029323436796843796,-0.0003238095238095111,0.0008653574622171834,27.777777777777775,1.2945755775256726,27.777777777777775,1.2945755775256726,0.0,0.0,0.0,0.0,0.0,0.0
dropout,0.5,0.8997333333333333,0.0010756425069328968,0.8989333333333333,0.0011561135927994582,-0.0008000000000000333,0.000991391518451189,25.36111111111111,1.4727462379790586,25.36111111111111,1.4727462379790586,0.0,0.0,0.0,0.0,0.0,0.0
invalid,0.0,0.8997333333333333,0.0010756425069328968,0.8997333333333333,0.0010756425069328968,0.0,0.0,50.0,0.0,50.0,0.0,0.0,0.0,0.0,0.0,0.0,0.0
invalid,0.1,0.8997333333333333,0.0010756425069328968,0.8992952380952381,0.001177105870893706,-0.00043809523809519997,0.0006110100926607241,44.916666666666664,0.6291528696058967,50.0,0.0,0.0,0.0,5.083333333333333,0.6291528696058957,0.0,0.0
invalid,0.15,0.8997333333333333,0.0010756425069328968,0.8991619047619048,0.0014024274387961456,-0.0005714285714285444,0.0006928203230275522,42.666666666666664,0.8819171036882038,50.0,0.0,0.0,0.0,7.333333333333333,0.8819171036881969,0.0,0.0
invalid,0.2,0.8997333333333333,0.0010756425069328968,0.8988571428571429,0.001240144823669213,-0.0008761904761904332,0.0010163292626250437,40.19444444444444,1.4051822077713014,50.0,0.0,0.0,0.0,9.805555555555555,1.4051822077713039,0.0,0.0
invalid,0.25,0.8997333333333333,0.0010756425069328968,0.8988952380952382,0.001865986270556342,-0.0008380952380952,0.0014871787654051028,37.72222222222222,1.30259712085481,50.0,0.0,0.0,0.0,12.277777777777779,1.3025971208548164,0.0,0.0
invalid,0.3,0.8997333333333333,0.0010756425069328968,0.8990095238095238,0.001913503749314228,-0.0007238095238094334,0.0015756652843910526,35.138888888888886,1.100294573352133,50.0,0.0,0.0,0.0,14.861111111111112,1.1002945733521319,0.0,0.0
invalid,0.35,0.8997333333333333,0.0010756425069328968,0.8988761904761905,0.0018073169500182067,-0.0008571428571428,0.001216216951645198,32.80555555555556,0.891056385130305,50.0,0.0,0.0,0.0,17.194444444444446,0.8910563851303006,0.0,0.0
invalid,0.4,0.8997333333333333,0.0010756425069328968,0.8985142857142856,0.001881380300931965,-0.0012190476190476,0.001581870072151895,30.055555555555557,1.2369691154562419,50.0,0.0,0.0,0.0,19.944444444444443,1.2369691154562426,0.0,0.0
invalid,0.45,0.8997333333333333,0.0010756425069328968,0.8980571428571428,0.0020531707683681274,-0.0016761904761904665,0.001529394526944432,27.16666666666666,1.040832999733066,50.0,0.0,0.0,0.0,22.833333333333332,1.040832999733066,0.0,0.0
invalid,0.5,0.8997333333333333,0.0010756425069328968,0.8984952380952381,0.0018018886539096339,-0.0012380952380952,0.000911304663916584,24.88888888888889,1.2972549365372903,50.0,0.0,0.0,0.0,25.11111111111111,1.297254936537288,0.0,0.0
storage,0.0,0.8997333333333333,0.0010756425069328968,0.8997333333333333,0.0010756425069328968,0.0,0.0,50.0,0.0,50.0,0.0,0.0,0.0,0.0,0.0,0.0,0.0
storage,0.1,0.8997333333333333,0.0010756425069328968,0.8999428571428573,0.0009963197585236378,0.00020952380952382222,0.00021633936555432045,45.27777777777777,0.12729376930432787,45.27777777777777,0.12729376930432787,4.722222222222222,0.12729376930432862,0.0,0.0,56.666666666666664,1.5275252316519456
storage,0.15,0.8997333333333333,0.0010756425069328968,0.899752380952381,0.0008747400002442139,1.904761904766667e-05,0.0003348265872617962,42.94444444444445,0.5292377467571555,42.94444444444445,0.5292377467571555,7.055555555555556,0.5292377467571572,0.0,0.0,84.66666666666667,6.350852961085884
storage,0.2,0.8997333333333333,0.0010756425069328968,0.8992952380952381,0.0015013825827762974,-0.00043809523809521114,0.000443854483723082,40.5,0.5464532103585041,40.5,0.5464532103585041,9.5,0.5464532103585008,0.0,0.0,114.0,6.557438524302
storage,0.25,0.8997333333333333,0.0010756425069328968,0.8989333333333333,0.0017615701097885277,-0.0007999999999999556,0.0008060991988380218,37.916666666666664,0.44095855184410493,37.916666666666664,0.44095855184410493,12.083333333333334,0.44095855184409904,0.0,0.0,145.0,5.291502622129181
storage,0.3,0.8997333333333333,0.0010756425069328968,0.8994666666666666,0.0011100039835683195,-0.0002666666666666,0.0002576714144469645,35.55555555555556,0.38490017945974914,35.55555555555556,0.38490017945974914,14.444444444444443,0.3849001794597504,0.0,0.0,173.33333333333334,4.61880215351701
storage,0.35,0.8997333333333333,0.0010756425069328968,0.8992380952380952,0.0012588732679511122,-0.0004952380952380333,0.0002700466072144857,33.083333333333336,0.4409585518440935,33.083333333333336,0.4409585518440935,16.916666666666668,0.44095855184410093,0.0,0.0,203.0,5.291502622129181
storage,0.4,0.8997333333333333,0.0010756425069328968,0.8992380952380952,0.0012313368654396127,-0.000495238095238,0.00021633936555434397,30.38888888888889,0.12729376930432904,30.38888888888889,0.12729376930432904,19.61111111111111,0.1272937693043295,0.0,0.0,235.33333333333334,1.5275252316519474
storage,0.45,0.8997333333333333,0.0010756425069328968,0.8988380952380952,0.001222020185321538,-0.0008952380952380333,0.0003249280401758418,27.777777777777775,0.09622504486493472,27.777777777777775,0.09622504486493472,22.222222222222218,0.09622504486493369,0.0,0.0,266.6666666666667,1.1547005383792557
storage,0.5,0.8997333333333333,0.0010756425069328968,0.8984,0.0019453765177770447,-0.0013333333333332665,0.0010370024829573887,25.472222222222225,0.4589642122738432,25.472222222222225,0.4589642122738432,24.527777777777775,0.4589642122738441,0.0,0.0,294.3333333333333,5.507570547286101
