clients,event,count,mean,sum
1,Deploy,1,1391031.0,1391031
1,claim,1,30943.0,30943
1,createListing,1,210803.0,210803
1,finalizeRound,12,76644.0,919728
1,fundRound,12,48356.0,580272
1,publishUpdate,12,170289.0,2043468
1,reserveTicket,12,130942.66666666667,1571312
2,Deploy,1,1391031.0,1391031
2,claim,2,30943.0,61886
2,createListing,1,210803.0,210803
2,finalizeRound,12,96733.0,1160796
2,fundRound,12,48356.0,580272
2,publishUpdate,24,170291.0,4086984
2,reserveTicket,24,130942.66666666667,3142624
5,Deploy,1,1391031.0,1391031
5,claim,5,30943.0,154715
5,createListing,1,210803.0,210803
5,finalizeRound,12,158238.0,1898856
5,fundRound,12,48356.0,580272
5,publishUpdate,60,170288.6,10217316
5,reserveTicket,60,130942.66666666667,7856560
10,Deploy,1,1391031.0,1391031
10,claim,10,30943.0,309430
10,createListing,1,210803.0,210803
10,finalizeRound,12,264961.0,3179532
10,fundRound,12,48356.0,580272
10,publishUpdate,120,170289.5,20434740
10,reserveTicket,120,130942.66666666667,15713120
15,Deploy,1,1391031.0,1391031
15,claim,15,30943.0,464145
15,createListing,1,210803.0,210803
15,finalizeRound,12,380095.0,4561140
15,fundRound,12,36956.0,443472
15,publishUpdate,180,170289.8,30652164
15,reserveTicket,180,130942.66666666667,23569680
20,Deploy,1,1391031.0,1391031
20,claim,20,30943.0,618860
20,createListing,1,210803.0,210803
20,finalizeRound,12,494053.0,5928636
20,fundRound,12,48356.0,580272
20,publishUpdate,240,170289.75,40869540
20,reserveTicket,240,130942.66666666667,31426240
30,Deploy,1,1391031.0,1391031
30,claim,30,30943.0,928290
30,createListing,1,210803.0,210803
30,finalizeRound,12,747458.0,8969496
30,fundRound,12,36956.0,443472
30,publishUpdate,360,170292.6,61305336
30,reserveTicket,360,130942.66666666667,47139360
40,Deploy,1,1391031.0,1391031
40,claim,40,30943.0,1237720
40,createListing,1,210803.0,210803
40,finalizeRound,12,1015394.0,12184728
40,fundRound,12,48356.0,580272
40,publishUpdate,480,170295.175,81741684
40,reserveTicket,480,130942.66666666667,62852480
50,Deploy,1,1391031.0,1391031
50,claim,50,30943.0,1547150
50,createListing,1,210803.0,210803
50,finalizeRound,12,1307424.0,15689088
50,fundRound,12,48356.0,580272
50,publishUpdate,600,170296.34,102177804
50,reserveTicket,600,130942.66666666667,78565600
75,Deploy,1,1391031.0,1391031
75,claim,75,30943.0,2320725
75,createListing,1,210803.0,210803
75,finalizeRound,12,2132149.0,25585788
75,fundRound,12,36956.0,443472
75,publishUpdate,900,170298.06666666668,153268260
75,reserveTicket,900,130942.66666666667,117848400
100,Deploy,1,1391031.0,1391031
100,claim,100,30943.0,3094300
100,createListing,1,210803.0,210803
100,finalizeRound,12,3081094.0,36973128
100,fundRound,12,48356.0,580272
100,publishUpdate,1200,170298.91,204358692
100,reserveTicket,1200,130942.66666666667,157131200
150,Deploy,1,1391031.0,1391031
150,claim,150,30943.0,4641450
150,createListing,1,210803.0,210803
150,finalizeRound,12,5380466.0,64565592
150,fundRound,12,36956.0,443472
150,publishUpdate,1800,170299.94666666666,306539904
150,reserveTicket,1800,130942.66666666667,235696800
200,Deploy,1,1391031.0,1391031
200,claim,200,30943.0,6188600
200,createListing,1,210803.0,210803
200,finalizeRound,12,8195936.0,98351232
200,fundRound,12,48356.0,580272
200,publishUpdate,2400,170300.12,408720288
200,reserveTicket,2400,130942.66666666667,314262400
