tx,gas_used,event,backend
961429089d6062e3b40bde8ff3340ac34df12bb547b144ea1447db7a5dba4f9e,1391031,Deploy,anvil
2b6aebd8f2aff69e839c305f550b62f289f01b45a38d61eb75871e22a374fa1e,210803,createListing,anvil
95903a8087a15dc0b85ddfc14589ae3ab9f203977a8ff525ceca36a148cfd813,48356,fundRound,anvil
9eb022d35c6322934e31aefa0ffab80d8ad13854b50b1e8d215541e5dc1d74ad,112690,reserveTicket,anvil
7fd0d0a117d79be5c6f5ab668cae849a901ade22f87ab2bf65d9236bf4068b73,170280,publishUpdate,anvil
b23372d8894506a7a8dabbf7223b5da85eb35d513c96cfbd53ee99dc6edcd298,112690,reserveTicket,anvil
f6af8085c6d210695c9b94e0e390614d09e1ec901896e562ada67ab7b715e63b,170280,publishUpdate,anvil
1853bfb950fd7cf24371b11e03f4a9c58f9c3fc86be5eca153f07b5694738741,112690,reserveTicket,anvil
6190c6e83b097a11e05b8739cdd89c5494d48c200614b718f7f3f6e46ebb0952,170280,publishUpdate,anvil
330a897f88bb339cdccfefe7351cea8448477e9c76560e3ee34157654af65f3d,112690,reserveTicket,anvil
6f62e18e512a8cbff1a6e4b5690d51e50f83e51988fc53cbc09fd747f40584ae,170280,publishUpdate,anvil
53665cab0ffe4676dc399bcd67dca16fecb3b3c560c6f75150ecc7ee5d4d8154,112690,reserveTicket,anvil
0768dcda00db50a4e3c577920bcc70611f6f1d141074daf984059c5d4edccecb,170280,publishUpdate,anvil
c4897c4a886707d03db85c8254fc47b5a496ddf2135629fba1307787e1806245,112690,reserveTicket,anvil
8af9f4981cdf0ec21980021222639728627721d9b9f4b4f14c67e7fbbfbab1fe,170280,publishUpdate,anvil
9235d44f4b2d09f896f56354b2220fe4945b7b4760496eee9dc287c55f0562ed,112690,reserveTicket,anvil
606ea035a98aa6ce4e72fd25af4b0c215c76a6f36c596d5b5bffefb484730113,170280,publishUpdate,anvil
0aba535563fe6c08ed999d371f0c4b324e1f3f61fde3507005c4f03ee6127318,112690,reserveTicket,anvil
aefa4e77acfa3354295a7eef4d14ac4b97ecc5665e4a2ec1359aa152923681c1,170280,publishUpdate,anvil
e57a2be4d88d23c87ddacc9dad7692d09d024bc2bab1b68f0e45659aea2be4bf,112690,reserveTicket,anvil
7ba87e91d1beccf40b77c218770c9c7490557b0f3758e8e8c4b6ac8d8204c364,170268,publishUpdate,anvil
5f0cc29b3e250cfd892e53650dcec64d9d500ab1feee92c8e0245b0c257fa717,112690,reserveTicket,anvil
7a75c91bfaf292d108320a44598f9aa4e94fd12625615916c4652fd1992ff841,170280,publishUpdate,anvil
137bf020e38fea6b5c8f3bd14b4957f8ec71b7a778b25851b9d4fb17d0a38dc0,112690,reserveTicket,anvil
6c2c807403709ba78d5a0edc327e438523f0cab9bf4e7e44aa43fac6adc94cc1,170280,publishUpdate,anvil
9ce00184860be6b398fb59e1d0d92523b8b61a6e15f4544bd707da14a351405b,112690,reserveTicket,anvil
3badad1a56a4395e23fd44b46182a64a928aad67e9f7ff8fc0cb149fff545d20,170280,publishUpdate,anvil
3fd2793747f046f1b6fc5d6897df60f4304f7dcc34d39dea179e0cc3eda0a864,112690,reserveTicket,anvil
72ccec31076cac5bc7e21c1d415695949f52f348623400cc20465696c7c35e73,170280,publishUpdate,anvil
d2941b6bc2097a15c4cff54228d0fe87e6a13e413d48b132de5ca796d7078544,112690,reserveTicket,anvil
a5b249f17e7547e03c1c71be78a2a09ecf3a1aaf0722e9a17c7653e1e15cfc68,170280,publishUpdate,anvil
e3cb7f2bffa42058e5443b411a1bc7e952ad66393439b3a709821aaadc8d7f82,112690,reserveTicket,anvil
5b0391960400456e123e5271a3982255ef41852053c0c188f34a61be205e8eac,170280,publishUpdate,anvil
10b652fc19513fe2bd33d0f90df6d4087ec20f9900f3be78b70042ad2af776cf,112690,reserveTicket,anvil
9ffe0e7574a36b501e3a1fdaf36162469b6c08cef4ba9dc7548b02f41d34b454,170280,publishUpdate,anvil
04fbfa6f3f2d552b256d37dd524e348100cc659c350760b4f648505d15a1ea0c,112690,reserveTicket,anvil
4be5f1dd5d1e4d891d2e1529aac492a8e2ef724630f952c30e322234c7c677be,170280,publishUpdate,anvil
8d3494a424b46e047884e23c9fb9ea57ff9ba71eb17a3f868887348e71961ecb,112690,reserveTicket,anvil
db7c6b9adf15ca767fdfcfc08196e3af963a35535a0d34198fb08bb38c9e4c10,170268,publishUpdate,anvil
6b3b87634958b70dd4dacabb3949aace27f4fed12d74965877657dde833531df,112690,reserveTicket,anvil
0d8874067da1b61ba3a94b582e2598ed4cd91547ec500871313db8494fb43b60,170280,publishUpdate,anvil
39f8f7191b47552f30c544885ca59857db8b4faf8a70a2422f4ccb8dc32fc0b6,112690,reserveTicket,anvil
226cd9d190e3605c8ef4618522fcee2bc3b4d4d596208b87441acc2cd34d7b7a,170280,publishUpdate,anvil
7c80341cd29b43befb1dbe315a844498c3b15ac9da6094136f4282775ebc7445,823220,finalizeRound,anvil
8c9669c3a319092edeb25842573b0d2a080985157e3fbadaabf5cb3f14017039,48356,fundRound,anvil
3f3dc2c939318b2988a33d27a22e7dabb3c3c84aae3973575a553bc5e063d934,132602,reserveTicket,anvil
5bc4e5d03cb502ae94a8dc8f22d31e2550838ee5396e370941d69039b85a7bcd,170292,publishUpdate,anvil
4655ca28e5e4057294a72919eaac868f7d9c2d851f794bf9017cf6951c82ee13,132602,reserveTicket,anvil
f8901fe20e0d20056247f5b98b6f7309df0124804f7da3201e4625fc985889b9,170292,publishUpdate,anvil
3dd29c39c73da8106d3f3c7036fe7b00d78b68b6bc9872b32dc75d49b80e5939,132602,reserveTicket,anvil
69093501e30800f0f30000a48acaea7fda587787e3a827249c4474e305b0f605,170292,publishUpdate,anvil
2e64cdd6728cfddb1452e385b6d24e4c08b85ddd94f0fc5aa0b1263233114e17,132602,reserveTicket,anvil
1b50c8de8f4310cfc0a1dea14c9336df9e33a80946d8b1ae6b88e6df8e1b8a2e,170280,publishUpdate,anvil
b3b253b2b061dfaa01997789083ac13a927f98dd060996a6423d3475473955e2,132602,reserveTicket,anvil
a5c184883fefab704595fc6d6c7a753f4ae34733939006ac0f49e1716c0798ba,170292,publishUpdate,anvil
84045015145f7dd0246ebaff6cc8d7a1d2e48ed305e98637d74cca4f0a0f8cef,132602,reserveTicket,anvil
cc9e86e2eed9295cc739a0ecf8b5c45bb192082c92b131b7e6fd11e9a46ac1a3,170292,publishUpdate,anvil
ff13a04f651e94b804adc3ce93f7607bcff6779ed83e08e32a83293ed36658f4,132602,reserveTicket,anvil
b0dfc1b5ba8a20521266bb854ddee42767061633aee66731570204ef13644730,170292,publishUpdate,anvil
2f5ec775966efc39ad1c6a5282b848e97d057d8c22209065010a7d6249859d26,132602,reserveTicket,anvil
9dd80d8dce037e04c51d1ab01e914c355ab2c026e8e1e76e018cdff15eb7a1d7,170280,publishUpdate,anvil
9d8356c79de473279ac02618531c42ec08874af4fa2729148c9d3e6509fb31fb,132602,reserveTicket,anvil
14cd350f042e7ad5946ce69c557e539067bd56464b30e5803b0098132d47cf75,170292,publishUpdate,anvil
440c466e37ee814e45b39a50146c32795f0148ebe3ddde2418844d331e62cb22,132602,reserveTicket,anvil
3a52de98dbfb8c97c5fea4628a0536abd0f2a4aabb9edcf514422438e1139a03,170292,publishUpdate,anvil
458a596db70a22611cc6fabc0f5006c30ec2ce9e855ae7e0bb12646b519ed8c2,132602,reserveTicket,anvil
ce743e2fcc81af80e9524781836fe1ea5e02dd3fa185d72e8fc7d96f7bbfc5b9,170292,publishUpdate,anvil
26741554c7c6fa3177312b0cda6004ca70b02dfbec16f4a2c972c68077c0c460,132602,reserveTicket,anvil
7e9b7d52f69f6ec8f4c3a40ca6f311c132d3a66439e054cebfd8b8e964b10dfc,170292,publishUpdate,anvil
d597fbd313be832799d57e746280567ea10e76168160ffcd66a3baed5517fa5b,132602,reserveTicket,anvil
4a8a8bee32dcfbeeba30d2357d0278db9084dc28241ff5fc2b844ddca49745a6,170292,publishUpdate,anvil
2706497fb09f814bbb5af9345690d37ee06a9e26acc7cd6feac3292510775cb6,132602,reserveTicket,anvil
d46164fd341d2fd830502c72e3ed9eabaf1d55feadc4133af8cd9c970eedd85a,170292,publishUpdate,anvil
c45767bb2e65787dcb7a80b7a8af43402f5baa227ba8f7618de047e9c49b7190,132602,reserveTicket,anvil
7862bdae1524592a6b693b5029fc291cc42d5bedaa2a8888cc5ea84495b50ab4,170292,publishUpdate,anvil
edd2fe054d42b2ff61f097a1d02ee11a76dfebdcc5346f08f6cce089c84b2f70,132602,reserveTicket,anvil
ca9a83b2441cc6703be656afa385b1ec50ac2cbabedc445419fcc604ccd3950a,170292,publishUpdate,anvil
b22dfa64470a3bcfa0889dd35ef5eaac477247f1fbc2ee4128fb4f6859882767,132602,reserveTicket,anvil
25d00dcb070733b3bce87690a5b70e0bffd1aac0433a93adec8489266b2da926,170280,publishUpdate,anvil
bc0209216dd596eacb5879f6902840db7eab8e031477105c860a13405fce360a,132602,reserveTicket,anvil
dbc9a171484e05291b45436d38c1d68f65fe6a5c8a0df2a26107a06094dd1139,170292,publishUpdate,anvil
0bae0c7493ff0713d2c13ec3244afc10252d5350899bb3161364afc5b8f07db6,132602,reserveTicket,anvil
8acfe46020a74a99667a53ae21a20f7fafff60efe53c00ab1c44e4dea07d438d,170292,publishUpdate,anvil
b69c83c345f046f17561bcb6e4e5365d2e3675c1dbe1a9df8b24f74610bb8c76,132602,reserveTicket,anvil
5219a215784175fe5c26d4b3275d5a4701c896d0ce76a533fd4253f53e6a97d4,170292,publishUpdate,anvil
23d8081c907582c6af3302b3819ab297c34f70fe6a6bd6b65effde664dbf8a8c,464132,finalizeRound,anvil
9127b276086fc5e74a37f69a35b5be5267d908f71ce824f1ca38d60b108526ce,48356,fundRound,anvil
952c266ea546303092f1ce808e0c6bfedb24da97d199e86fad8ca54aa2c613c2,132602,reserveTicket,anvil
e76958ffacba72954a77078628c9c3c9b383933e98d95c8f1e99a59eca49a4fe,170292,publishUpdate,anvil
995fe37393b2031b867323b06ae3e13172460e48bd9a9a249d6df741c531c156,132602,reserveTicket,anvil
fe38df6b0a38d2190902b1489b09eaee541bfbaff1ee0609ba0dbf1a2eb36925,170292,publishUpdate,anvil
bc106c08a916564e9ce4660606127881e449203659ca27941942106e887d5797,132602,reserveTicket,anvil
b4de2d685375535b6514c696c3e3d797832ec0c9a06caffdbc81a39e599c9502,170292,publishUpdate,anvil
6a6ae75a518c7594b6846c8b7b6ed078e2fefa0c835a15538e5faea7a2683613,132602,reserveTicket,anvil
eb1a817aae9b9752cb0a75038a1e86340bba145e7598461a0e30bb455b5d5fc1,170292,publishUpdate,anvil
19b352d31445bad203f6ef1c5c14aff2c012d7ef4ea3d12fca88f5af50c4e1f1,132602,reserveTicket,anvil
a4825351a6af8029963b2491220a501c0c040967a3a6ddcea84c4131cbb1658f,170292,publishUpdate,anvil
ca7c01d69ab24abcd3cce2427a956d5a93842cdcb29e7a54ca4d8d5817394456,132602,reserveTicket,anvil
0357e77403c0ad284871889ff306244bf7bd0df9a393772572c1fc0bb97de2e1,170292,publishUpdate,anvil
519e09922ab09efedfc32797597a2ca98e59ee37d9519724c4f60bb7f74800c0,132602,reserveTicket,anvil
8bfac056778132ada112e817b0e5b7ba2c64de54d2903a083a6d0cdec57a023d,170292,publishUpdate,anvil
67cb0a9103ed10319e655dce628bd38c16ea09d623764ea86aaae4205294a50b,132602,reserveTicket,anvil
3cf32cc7ac4d53ac83e1d5da0ddbbd0870bc7724cd9a4cb91b47701ccc843fbc,170292,publishUpdate,anvil
6f6fd9eb2810cc50e716ffa537273e54e013961d4491cefddec93537d3667dc3,132602,reserveTicket,anvil
a2e9580698550957ee9a420e545abc0b06f237855b6c546056457419842166d0,170292,publishUpdate,anvil
74f7af4ce478aba7675d6339a40044ea1fca687f5b38487cd9c5c27e986076b7,132602,reserveTicket,anvil
a883bd6b2128abf2e8dad91531f481b0afe283cd7ed9db6896eefbb7651f4c81,170292,publishUpdate,anvil
c43b13d1a747f445a055823fd53fffc76bca7bca65af3927870d839227e60313,132602,reserveTicket,anvil
d9f01f959819dda9bd3d49b24feff3593d32fb86d4e238d8da723d11c3e80095,170292,publishUpdate,anvil
164dae87e5f22221249a5d537478133c54f724eb7dd012e94956ba5646d786a0,132602,reserveTicket,anvil
daf51a9be6d7d49a8b1472e0f46e96166222da2a85c961311b74ed73f2956f3d,170292,publishUpdate,anvil
43a364ca398f49175726ffc364655cec50cd483af8dba52fde8a4a00a243469b,132602,reserveTicket,anvil
d7f19ecc1b307eea3de5af7c2f4e4a87224160bec8523c7209727d0b7f2ba905,170292,publishUpdate,anvil
f5c56754d40e8dd00b1ad439cea012636c373e5a27f46fedddc76a804c3b7361,132602,reserveTicket,anvil
4dae9a8e186257b07f9a9ef320e460953b08f2612d8cae52b76c3f32c20a9177,170292,publishUpdate,anvil
e08e98677de4a2ea38ee69db1ac4c54a11c3e1f15c2bc880e0e30b1d781728d0,132602,reserveTicket,anvil
ffc67b0be9a341fd7d0d4c9af4bab17b4f1fe53cf57d66dbf034562b29242337,170292,publishUpdate,anvil
8370e86f58859c7341d5243e8f36c3f915ce5a7aeaa41abf6685aea98f980781,132602,reserveTicket,anvil
d859f9e91b1ba25a476415c90363b2ab77b93b2b4eb8588416642130fb4f8f69,170280,publishUpdate,anvil
2e09aa9af540b309984a9efc426b87e6739d55238555e02f6338706a02f90ffe,132602,reserveTicket,anvil
c9fb5c830544b573ad49dad7d31acd9024502e872f353c4ee1db955960a9ce67,170292,publishUpdate,anvil
7b7fe7b31f61b24f9537dab65233191a71ee60aaaacf4b49f1e32393a6410dbf,132602,reserveTicket,anvil
9f1e9ca2643b631d1f69a4968398d4aa43bbb258943cb966a73a7641c24ed55a,170292,publishUpdate,anvil
49604d51bbb8a0a0fbdb01ac32d1398953cd3db48d820fc7ec15c188d0fcdc04,132602,reserveTicket,anvil
8822e7ade386375f25589cf65c188caaa3999062524400e32758f9c6014dec5e,170292,publishUpdate,anvil
b2a7cfc5c2ffdaf1abbc431c066ffde60642ce30377854372a986b011189196f,132602,reserveTicket,anvil
7f192cba35ff7d94be8caa91655e76c5388e950329bd25be3066b8c9ed9c4b28,170292,publishUpdate,anvil
9e1faacdbdca75671d37bf4a12cf4de3ec010ba4503c43d8b6bdfb8855926668,464132,finalizeRound,anvil
c210645e5f4a22d2f4df258fb8c5e168ce0704a98e16b7d452dc3e98c4876cf5,48356,fundRound,anvil
d2784bb8ab81e129101401235e966249e9f7aca317b3131d2fa49a2cd06f3c19,132602,reserveTicket,anvil
25abb5e886302e8956b818863de94b367dd25936a795724ae3a3d74aa0be13d3,170292,publishUpdate,anvil
c261e9d2bf6a0f55f88bc0fbfd2fdd597a4bdbe0928e47555fc458c84aa2291e,132602,reserveTicket,anvil
2e6ae359448a6b9d6d0d54866f604399b3b1c30d1f3b0739233a2d410e0e2699,170292,publishUpdate,anvil
257c830da280cb0e2669db28dafd676404c51cfdd08e611c90e5570bbd7e443c,132602,reserveTicket,anvil
369213bf424470436f0fc653902ae759182042e4420fd53dd64c0ae440fc6348,170292,publishUpdate,anvil
b23914501859d03cdf1e45bed6b0f59d4d25943a417e5b767c28fd0d0c3feeb0,132602,reserveTicket,anvil
c1a54a7b2d04b05c82cb939db76fae49fc84c6fe92159f47ea1fa38262f6fb2d,170292,publishUpdate,anvil
0fac814e6e56b99e17e957d43d8c464edd07c295b2c5baea22ba2226cd7b6ad4,132602,reserveTicket,anvil
70a5b2d63e478bf16e90136728ea593cc1e822030bb70573d4af9381a442d4b5,170292,publishUpdate,anvil
5ed3cb95661aa7810fa277c9b8cca111ac1c225c701e8483dc6f2ff974712419,132602,reserveTicket,anvil
d37bee5f1da3b1fb7cb6ff1f22045b4eba94d6d3afd0ea70c312b3cff90932d8,170292,publishUpdate,anvil
d26858b55faf8bd4bff631a1a9cc3bf3bcb951bd9364f3005e717e59193b6dd0,132602,reserveTicket,anvil
f37f74a7d1abba79df4813f7692db450b0be49cddb76fff4af21a2785fb9e606,170292,publishUpdate,anvil
1a2b8244d659cf34986dbc79aeb2eed24cc376cd7ae5a467d430829170d05c5d,132602,reserveTicket,anvil
d4968c536b1eaa12770a91d2f9221aa811c2cbfaa543a2f6cf6f4bc69d9b6be9,170292,publishUpdate,anvil
198f4a905687afefa9be7cd63c8cc3be0b5fb212a0f0262d10f1c81f219e6c27,132602,reserveTicket,anvil
2230574d9d19ab4d63b8bf9fc384488a4efcc7d4d92de4d1c15a2bfd0ff1d27b,170292,publishUpdate,anvil
04f82e8ea020c053cb3aedce7777bb500ef445feb86a73c5a00ef0dc1e2defcd,132602,reserveTicket,anvil
9290e4dc2285ec0ff3e944bb90268ef506cb3d140e4fd2d31de1456ead2be210,170292,publishUpdate,anvil
59b9b1e3b1fcf723cb7e4f775c7a6d4ef142884ac772adf55f7334dbb5515ff4,132602,reserveTicket,anvil
3473da5e265926fd052acac0402b67b616284676d102367904c666801b91b415,170292,publishUpdate,anvil
41d72c91ad5a4f1ad54adcf1d0b76246a9426f1c4c2f57be93f7f8d1ff1bf13e,132602,reserveTicket,anvil
981dd2d2f0aeee4b4b27a602d204692fcba7994f395165d81411776bc19ffb21,170292,publishUpdate,anvil
af56a727746d8b4625f61f46076fbd26a0520dff643c8829780152829b7f37a9,132602,reserveTicket,anvil
c77efdf80fa845b43e955ee16b78d5774b52a4852d7fa9031b6fe9a90c4b85f6,170292,publishUpdate,anvil
89e108fbe9baa4bef72ce878e734c06f41895eee5bc893de2ac034835743f85d,132602,reserveTicket,anvil
346ac0eaa0defdb0c514b1559d14219d764b9bbad9ee15e5fd092f0e1b616526,170292,publishUpdate,anvil
debcba351ffa5a71870ad6f77fdc074e207e716a1b40fb6690f247653543e0c2,132602,reserveTicket,anvil
2d455f603c7d6915d4859423766f2c81c38b8ade67a4d2146de72ac9cfc4681d,170292,publishUpdate,anvil
418fb9ef82cfc099af891596c1da1aa4a04f1086d6344e5bef524067be1a3990,132602,reserveTicket,anvil
dd860d72568ed574c3b873bd6c3c73adfda5d7fc898ccd0564a9e607998094e9,170292,publishUpdate,anvil
e23a9e3a75381ec3c740008da8c8cd5814179db66d01094a37a01aac106f03ab,132602,reserveTicket,anvil
5b3b912946cdb861e075f56b81b636d396f9c2fe3ec4784756c5823bb25ad316,170292,publishUpdate,anvil
1d20f1c41dd617baedb8623898630d1c0463a5d18097b534fc918c909be5a159,132602,reserveTicket,anvil
e565d9c3cdb52dff538cb7a200e7986cc9c6ed676e966fa89df20cd6fd4e3596,170292,publishUpdate,anvil
7b02810d924c445618af71329e9f1c385379812e65e02294d9d3f760ebe0fa04,132602,reserveTicket,anvil
b7be670c199099893c44dc9ea4b2da13928505bf5d5c4a712de4c38bc876410f,170292,publishUpdate,anvil
f22bd5142ed7a8fc4c38c0b51cd04912e621aeb7561c6a7e2b948a9c2f596360,132602,reserveTicket,anvil
077f4a1bfb77315ea9cc21f90763f18a144b273753550333b06a959e850afd4c,170292,publishUpdate,anvil
623ff90432b8125e7a7be4ae705e783e9b0ac9085982c5312bcff90c4e3ab173,464132,finalizeRound,anvil
513da702b418c8cfdc77529e38f36a8e5b26adcdfefd3dc03afc849e8ace4504,48356,fundRound,anvil
beef254aa0c23e28233e0ed31e1f7f8c957c482c413265a41cdffc49a73ce475,132602,reserveTicket,anvil
7360c34636185082713417d8103eb7aaf2aec75f0ab7b6ac711dd036396d92e1,170292,publishUpdate,anvil
258e76488543e94b9d85b8257bb1aded7871b5ee24e83dec8879077811f5075d,132602,reserveTicket,anvil
5b1babdbc2417683d20aa2f071a6f9ced0078a284da0c33ccbba303ea3867a47,170292,publishUpdate,anvil
cdf41ca66d97f2b2f542fa3d03f1fe32e4f31b340b46799f031e540c0baa50d0,132602,reserveTicket,anvil
a644dd53d4a3ccd8c3122cae27c25b2262d907fe474b17cece162e338607ecac,170292,publishUpdate,anvil
16576ed7b53271f9363ec29e203ce2a78d7c4eef567ac92f6cf63ab164aa5c16,132602,reserveTicket,anvil
09268a5b72179e340e9420e8b7e6d1a31cd08713f8f668fec24087c4410d2ec5,170292,publishUpdate,anvil
8b78e13a330c85622bf0155b23c4e745c703c6531abfd82d4bc6a4620694fb32,132602,reserveTicket,anvil
3488fd24e89d192231555a5d0acd0fd7a3d12e59b92352372bc42c460e03deda,170292,publishUpdate,anvil
0f3c96ac2adad9aa21ac468e99e4023f332c92dea08629ea6b1f135da09f3479,132602,reserveTicket,anvil
2b74601e0ed1d6c0c3dc08a042209cb15969453d699a70e1698557e6e7d6f840,170292,publishUpdate,anvil
f02366e2b67b2eaa7ed7d6ecac689be4fa2419c6a83d7944618a02ec7ce1ad41,132602,reserveTicket,anvil
8ed03d674c668f82175a1cc6d5c8e6779549cb37fca46fceca99a62fe06215d1,170292,publishUpdate,anvil
1de6c73907a0e2d7207377467c8320950d36895b02fbc88e8f2f85f2fbf53a3d,132602,reserveTicket,anvil
64d1f61956b13184d26f0b0a83b51894cd4c6560f29a7a680ca12ae1e5a1ac76,170292,publishUpdate,anvil
50ef68d5429d1d276832e203ebae7e849f1bf5dddbb9dea86a37ed030163418b,132602,reserveTicket,anvil
9faff7540d453f67d37f0b54a7c09f2a5cae328cf1ce36b880fdb257ead2f3b3,170292,publishUpdate,anvil
951d8a316855e6cd87d176fa28bfe9daed4846913099a51b72d9bdd1c506044a,132602,reserveTicket,anvil
f7fe06267a58e7aaa86ac74beedb93c37e114fdff645403295b31ca8756279c3,170280,publishUpdate,anvil
c9e967f67410ef78166813d6886cf3d9576ae7a9dd88556199b0b99b14b7f07a,132602,reserveTicket,anvil
166e31a61ba8849d1071d7587dda5eba2951a788d447abf97a50147527d86772,170292,publishUpdate,anvil
da65793c38980d865cd15784a0641eca56559354b4d74746edeb00ad5f9ef053,132602,reserveTicket,anvil
467c9198f26dae7ebb6d6aa7c486beccf7fff2f1457549580e43f4025e42bc11,170292,publishUpdate,anvil
8104f3c9143d12f4e2cb13353ca6f78741e50ac370413e944c41659c7a79a675,132602,reserveTicket,anvil
219c02a9081dd762a777cf3570be26c0caa5a46daeed17b854a3932263dfa6f7,170292,publishUpdate,anvil
8ec4bd98cceb68af74f221bd800b8a1187f749d8c0c4f7a204be3f4b290312b9,132602,reserveTicket,anvil
2cc992de48ca156d23fdb06d61b74a1f83f9376668babc9d3f7bcafdba94d799,170292,publishUpdate,anvil
e8da00c9eaf88de48fb36d468934b8c806af26dc61c39467122d5432c654cf99,132602,reserveTicket,anvil
36206627fc61e8dbde1093373e882129b653c2751d925c25072d2413639a5504,170292,publishUpdate,anvil
c700a485a7fca87400bded1263e7f0c61190187d2f4fd4d1f8908d01520e801f,132602,reserveTicket,anvil
43dc605b38ff04547e589dd138c73d183a5a9d1a5e4a748dedc70ae46e45d28e,170292,publishUpdate,anvil
f736f2a69fe7441b82d94c85a5bd6daeb77565c3cd61d10e6e3f023c46bcd9a9,132602,reserveTicket,anvil
dad3d2fab081e3c4f30547e391b19d887fb8f9a20c687857994ff2defc382b08,170280,publishUpdate,anvil
f5b174648cad083ddc29796a43cb47abf09dfcca92e966c15bf73d373e0c68be,132602,reserveTicket,anvil
6ba071701ba94a4478e4bd03cdc746604446925c19e99c41c5002eebef7eae2a,170292,publishUpdate,anvil
0660dde34902b6f062694ec61bbac70585ea36711c894e37b13455701bae3d66,132602,reserveTicket,anvil
21c0d45a1d186705f9176abb276d62cd5b3bbf235439a4021c8fe570e0dd3ae4,170292,publishUpdate,anvil
4e7375f4578af5bdd6ebe448f0d2eebab23e553773e14a4525300f236b104ff1,132602,reserveTicket,anvil
11a02781cb95bdb8023a9353cbcd2cd038096283bb012eb38d678f3d92f93bb4,170292,publishUpdate,anvil
35ee7222f096e37744decebb51acd33faa490d7000293826ecca55436501001b,464132,finalizeRound,anvil
dab45cfb743fb9732135fa8249c4a0ff1a5b8cb6435cc2d9cef0daa03a2fe8d0,48356,fundRound,anvil
05d94026b10bc97f64079a47c2b6aaf7720f127d498f105e2c5713791c3dba2c,132602,reserveTicket,anvil
5668b8a610f468ea6ed184dd28b916205fbd6fff63b16a09a1b7f001b51a1b3e,170292,publishUpdate,anvil
8552a521cedbc28a746af7fe66a707828a71ae69296c2cb4672fb62ff06c08ee,132602,reserveTicket,anvil
78fd40f4ae0b636a4b531077fc05efa2c939348afbecc04baddb53bf69a4d2f9,170292,publishUpdate,anvil
5063bb2eac9f9a6a0b557768a80541391dddf728acec68bddf91cc06e987d1be,132602,reserveTicket,anvil
e7e66bf7949810b3f89f6f75cde2116079df59ae1bb714e9be3eaabf854d9297,170292,publishUpdate,anvil
bfd03451b861cf11b43eabddfe767930b25a3eeaade5b7ca261328ec08f2296b,132602,reserveTicket,anvil
1ae660878a4945aaeba5cdcf282cbb214f26bf8e46bd7a8311949a6251f47bc7,170292,publishUpdate,anvil
11b9f59a63a541b6e1fe5cf41156dd77c96a36c874fa5949373877af8439ec84,132602,reserveTicket,anvil
a6d09ff92ab4af9bf9422ac6c4ab4aca63003fc6e6d1019f21aec4d13130da93,170292,publishUpdate,anvil
e021d0d8405ab14eb4abfc5be0e9458cb88b72559eb42d0a6eb74911766a8b46,132602,reserveTicket,anvil
1889853e60ec1745fbd5d53fc478af9b780025611bd76784e670ddcf76146b80,170292,publishUpdate,anvil
2e3157f472f0111c4d2a0386ded045cc1bec04c44bf8566326b4a87a4d99c0b6,132602,reserveTicket,anvil
19efd92e160be4d65fee3eae5103c14fb35c386d8fa88b7e6421a7742c156d79,170292,publishUpdate,anvil
5108341c5837cd8e4de1fa2bc1c773ae4971a77dcd313d78327abe94a0e238e9,132602,reserveTicket,anvil
af5fc4b81031d49c6e255cb7074d5e820f3b3c52fd3875c4c0fcf88a72ade25a,170292,publishUpdate,anvil
9ecb4275a4a730decd8e41759596d6cd9efea729dd63db371c418d73eccc383c,132602,reserveTicket,anvil
1ff3bae9223c5513319a0bfd0a929d36edcbd6b6262d210ae771f12c227e14ac,170292,publishUpdate,anvil
76776ab156f91d790cfe757a2a249f0fdc173ecd5cd727d2580783db21565f6d,132602,reserveTicket,anvil
3c14bd2b5cd7fe88a8c0288051a891185b9481eb57a3a04cdae125dcd6185393,170292,publishUpdate,anvil
216e73684b0d4493f3977169fbf1aede87631f0f054070602763186700820ff3,132602,reserveTicket,anvil
e69dcac68a38d56a21a8a9d4ffb211b17558f1e22450547ec913e33491c96c2a,170292,publishUpdate,anvil
0c72857122a83ee4ebb94692d07f0b4003ffdb3a4bbe8cfc7ea68ccfb16171bd,132602,reserveTicket,anvil
2abc333d5ec116e41b991e08d99611e5650603f0ae18cfd9cc97571003f38389,170292,publishUpdate,anvil
63f98c7dbe7ac2334cd4900019cf0144fb56f807de13eb1adda62f58628d693e,132602,reserveTicket,anvil
e138e5f5542027af1bd191cc3f5a0c3e329bccd1c3df9f39efa9d88f6f2b0797,170292,publishUpdate,anvil
bfb6c3be02e9ea756a3011dc533e86e81e395b573d90aca416b3091371f93ae2,132602,reserveTicket,anvil
ae6f3b270d5c8a7df741e377756a2b73d851ae2896dbd2805f4dd1498750837b,170292,publishUpdate,anvil
ceb1b63a69dc0f1c731f6697987c3044a1412c70c42127a10f2fb8fe5de620ea,132602,reserveTicket,anvil
7cc49c50f0d9c354d3578f7df52afceb48fe6545b60cbceb570bc8e92780a52f,170292,publishUpdate,anvil
671c4988be18c4b4faa5b9dbdd29d0fadfa9a7e917f57d0cd1eba70d3aa6a141,132602,reserveTicket,anvil
8059019fae1bb59fea36e4093345c596cab6fdd7c3f58019d4c51742d444ca30,170292,publishUpdate,anvil
350e71922c60a39a7c1b921ee57728bcaa2fe51fae4ca45cacd6f66365997a05,132602,reserveTicket,anvil
a17d96a20cde46a728abfe4525054846e86ab4479d9f32c1fd37d716cc0bd197,170280,publishUpdate,anvil
d41a500f3ccb0e28bfb036226cb488767ac44580a57d8576fc04addd4e168644,132602,reserveTicket,anvil
009abb0ac9112528b7399556395445b11af9ad76f99188cba74bf039b531d88d,170292,publishUpdate,anvil
bcbc2b4368114a5718cb232abc3ca0d6577e1df3361e42f384cc194525d9338e,132602,reserveTicket,anvil
4fdc0dd039c333a9d36221c14e0654285663a848b7bcbfbf4389a2b80247b82f,170280,publishUpdate,anvil
c5ffea8d161516332f7a441dc0de48e242dad366e3f2caeddb7e89c135461a94,132602,reserveTicket,anvil
5dc79d180aaefe0e69ef00cf0567c3aa0d42217a25cac5bffd637e3c84c8b510,170292,publishUpdate,anvil
9b165510600db062547d4b4be781b3b9d9c70212018a5a2c411cbafdea3e17b4,464132,finalizeRound,anvil
205f95caf354fcd74c4817e3057fdc16d56587d2e7dd9e8e3c4645363aa3095b,48356,fundRound,anvil
8106d97dde7ed670df23dd6b326d4e1f41332a52d0430c2e5c6dad1033e1a746,132602,reserveTicket,anvil
294931a6fa48a3c5f096735b0f3024258f1fdf10078870a3fda079035841d84c,170292,publishUpdate,anvil
6f3806e81ae12e908384c232b5ded19f948857eb28ac753bc1c3c29a8566de2d,132602,reserveTicket,anvil
11b24289fb2b4ce30c255404d219807733b17c26abe1c9770669be3a86c1b8a7,170292,publishUpdate,anvil
1ba5b34ce6b49f9942c1ef686be5112e15835c37363057bf1501414435cc8081,132602,reserveTicket,anvil
6a17c650420d2962c6b7b92ef21ebdd8623829bb72b66af3ad79fe6102186f00,170280,publishUpdate,anvil
a531ce2da84de7e89210943f1807ba51e823e299a7cbb43a637e7048fcd13c6c,132602,reserveTicket,anvil
abd15c41e922c8624a8b6704420c0b999485928ee25f73cb89232bb884ec63ec,170292,publishUpdate,anvil
e14d7a7b6aba02bd54e424009f284609ae3a7af7f34e75d4614308b0110534cf,132602,reserveTicket,anvil
a6b45151d66ea8774b235a139e72fda66ec0c258a0bf902c6afe5903fa612685,170292,publishUpdate,anvil
efc1d580c04c3d7a754d4f68e2bca492a05b33ac63dfb6095ca10ab548362a0d,132602,reserveTicket,anvil
e5596e9fe393ccd142ba2a514d247fb5a108f85b439b67baa6c948951f29d3dc,170280,publishUpdate,anvil
01e66cb1c3e8ce8032d8990862fca2e999a40ba5138f697ae87799183a94be25,132602,reserveTicket,anvil
daca8d88bc441f592659c250858acbf45d08d6bdb65674031724fece7940a559,170292,publishUpdate,anvil
b85286a738c3df9a992ac5787b4d382263d59362a70c607646e793a8fe6cdc73,132602,reserveTicket,anvil
6ad7cb2973ad4e359262fba578788b6c5a1851a343a9d5f3eeed35942775b8c0,170292,publishUpdate,anvil
7daa180af833f4e38c9e4790d1ec943d0578c03923110ddee09d5d440f5eb2b0,132602,reserveTicket,anvil
a0c047af423d194257f94ad1aa08a0b1c781ab8b023d87e9448ddc168921f549,170292,publishUpdate,anvil
2178e5b696983e0249feee700fdaa576829af921ba82a51b98bba9f3b12daff9,132602,reserveTicket,anvil
7310c27ce7e153f60e3a57000962b623aa4d8c0b9611755e1965890b8856f48b,170292,publishUpdate,anvil
5816a9f94d11b0707b39fe9d1f4782d1235fb6a7ec23283b2a4a760c310b3611,132602,reserveTicket,anvil
78d55ea42c1833e0399cf97a57d8c84b02d8195d878eec085b46af9122d19756,170292,publishUpdate,anvil
466287e44bfda5a04ece3edbc8f97741d251f14704cfbf9b13097e1d2f81a6f1,132602,reserveTicket,anvil
fcea05d31e732b94b1be8c90243ce139ef5e3d478b0f2d6f10ee5b71924b8894,170292,publishUpdate,anvil
d7249d14ed8cf5592029ee8b9d025bf9db24a98cad40575d6b348eb7c66ecd7f,132602,reserveTicket,anvil
0712d05ff04a4031e7749afdd3777dd59f26b2cfcb9f44ce5f15071c9a42a2d9,170292,publishUpdate,anvil
81f9e81fc7aa9ca68c8dba476fcb6b770692985eb3aad9d776be3bfaba79b3b8,132602,reserveTicket,anvil
13a84f8e6eba64518c32126cd7f8fed0f88aa2d9a22ec7888969095d92bc7274,170280,publishUpdate,anvil
f9bc375faea1156cf539079e4af8a6a8287fe9add65336390fd1287833e2a594,132602,reserveTicket,anvil
861290fca2c83319c93485091aa37a047d55ebee534dc7b712876552870bdb91,170292,publishUpdate,anvil
ac7e08f59bc2a46215ca5491d5efa5794fd7b09206e2735a9a553cf653148ab0,132602,reserveTicket,anvil
2ae4b3f69f91b127bd00bd0058947dda1ef20b8efc1949a8a26691845a2d2a66,170292,publishUpdate,anvil
9bf35b4c4def0ce6df5b6323c945648f151e9749ebb606d1e6afca3c5e498958,132602,reserveTicket,anvil
57a09c1bafd395697a93e1ff32a5cbf458da6265111ddf59a9ac78c844bf547a,170292,publishUpdate,anvil
521bbabf0f153f575e218e4113958965abaf727dbd67e822bf157b8d7ca0011b,132602,reserveTicket,anvil
e2610e3a315cca4378d4e74ff7060cba200b927c68ed34668fce2821597bc214,170280,publishUpdate,anvil
d2f0e24e3a8f5462b26ccc17ca91876a3947bb123cf98d94ef0f9335409ac40a,132602,reserveTicket,anvil
d1589adbf37c273f49106a176c6eab9beb27886ed3c05d0b846403f44e684eb8,170280,publishUpdate,anvil
1380ae0c7fd77d1f35b18ed661a898d607b8bc9a8dd907d4cffbd5739c9f2566,132602,reserveTicket,anvil
1e654e5268533002bdb81b58d939cc1a183f2936b33b766c4402f3370be49c86,170292,publishUpdate,anvil
ee0d1396ce8992d2db12b1c638c2f343875ac5775a7f709ccb455ec66c651579,464120,finalizeRound,anvil
066470d7fdfbcf9e34e776e3a5489eaf3fa883e5fa4e20b2e394062040df3ea1,48356,fundRound,anvil
bd960861f8b16ec0bf23ccef7cb105b3c3527dc7ff6c0f7cf5fbf17b1cd92c59,132602,reserveTicket,anvil
be0397f0aebe742c624f9c7d2b8a19103871751972e4c4ff55e780af3969c732,170292,publishUpdate,anvil
81a09cf73f89dcca48e0fa81f5a77690356a0d6fbb232922820ba2e817a05359,132602,reserveTicket,anvil
1d5d4083ec68fb3b8d84e15baf50dba6967eefa42473f454946faee4d6e38c8e,170292,publishUpdate,anvil
d69aebe6b48b0153f102c8a6391a6c7cf98ace80d7807bbd9b06425566bddb36,132602,reserveTicket,anvil
72f8228fca84d008c5456ae3b4e4cb7f8db46317f45232081b217844ec12cfb9,170292,publishUpdate,anvil
b334b559a64d260491858a0c7f003d70c5444363fcfc250c2f62ec3a95a05819,132602,reserveTicket,anvil
7b1545068bd25b662959c1e69fa18b0d4fbd47fc6e323cd919d86318674c3415,170292,publishUpdate,anvil
64578a78d23f71893b061c945ff2b706cefa6b6851286194b5e8d49851a4c846,132602,reserveTicket,anvil
516222f0f6c39254dabae8fad05b3186ff0726c0e4798b3518cf28d598a67bc0,170292,publishUpdate,anvil
9bca713a0e3da3a41aeb493481e88a6772f6526c64ff00b30b8e18e94fbed8d4,132602,reserveTicket,anvil
eae953347644f6305b175f04646a8348ec964a66f952e7aa24cf504b3554f9d9,170292,publishUpdate,anvil
e875111e0a020b3172b19c05779b0f089bfdb3f305a84378e33ad7b989109638,132602,reserveTicket,anvil
552c9d392a17724e209ebed7dacbbaea77bfdb432590b6ef655297c6799df8e5,170292,publishUpdate,anvil
e3e759e9fda418760e621c0deb148be3ba0ba99a483a476c7a4b3effa45d864e,132602,reserveTicket,anvil
ca592448f459eb56fec80f7e910a0407f69974e79b8588706ddc67c929a2cf82,170292,publishUpdate,anvil
a4e601bcbe06f035e0ef61b1e19fffd59e20b6bf90a7e4f7521bf5d19a389685,132602,reserveTicket,anvil
344014348da8f7f3d0df845f92d6a6e97afb0f97997c9c00f532c298c49ea09d,170292,publishUpdate,anvil
acb0a27a431d124a3533d70e6e367600083d76c5d8c18675354fc2cf1d82e58e,132602,reserveTicket,anvil
4ef56443cb8a33db8473b88a5a3bad04f40356af4c9c05209b77dd83c17755c8,170292,publishUpdate,anvil
2a19f373e003675ca73eff96b3b0b1ac479458e320a69a345106804499ef7d5b,132602,reserveTicket,anvil
2ac3b14b8cb057619f60f14faaf38e31392dc7b3e52fe03ce74367afaee72940,170292,publishUpdate,anvil
cd111e121cef8f3ed6af35598c7a7401e134b0f0c7f8c36080878f106d2ee5ce,132602,reserveTicket,anvil
c040fa2a92073ae3409746f345f5a35e107771d59bf41024242de9fb428b7aee,170292,publishUpdate,anvil
61ef1b4b079d87ce557ec81074891dc9f4d49f3c0bbac2bb15781d85db0b126f,132602,reserveTicket,anvil
2998c45afff6ab3e98bff8f3d9f9cb9cd0bf86e75091bc1807b214e5aa1ee672,170292,publishUpdate,anvil
efeb22badf4f1e23919be6a2e9bf3343161424f7300aa224dc18afdc0bd57a1e,132602,reserveTicket,anvil
d24ce2e8d858c5d594839ea681a581762e532a4c0fa98d9c482701d19d35a838,170292,publishUpdate,anvil
e09ddf7a1a66fd6abfaae0f9b7c1e638455869786f513f1643012b6583d4bf89,132602,reserveTicket,anvil
76ec8b31f6ff692fd96c9f8e28e595a8b7b7a8563fd13e14850fd50337326f20,170280,publishUpdate,anvil
9f1dc4d0c71ac64444ecdbfb8f89a1cc769edab5b336b398810e9e6b53a93da7,132602,reserveTicket,anvil
fd2abea7a5c3cf49833031461068b4558451e543f56a7bcbf34a8e8a752eca55,170292,publishUpdate,anvil
0aef957d910566813ad5eac10390144e29c36233dab909ad0cbd551282c071fb,132602,reserveTicket,anvil
3403ab85777af55e6da6920d447b0e55376d99377d441cf954b28f9055980c7e,170292,publishUpdate,anvil
cfe58c3ff4627c553e3d65a1c42d2bb8b1275c6dbce92123e9df23ba9e373988,132602,reserveTicket,anvil
0e0a7d630cf1f12fc0b298c109a72867a01bc9ad44d11e139574f2771f5b813c,170292,publishUpdate,anvil
bdb91e6b800e2c05b0bd862bd4e1bac4ed7c45ea05203f42d654bef51a2a340d,132602,reserveTicket,anvil
19862c163e25c0ffd6172dc54476f8dec8442e340b1244a5ebf67d11021f431b,170292,publishUpdate,anvil
4bfd96bf0c9ec4c35242d635883b6e5477b275b3bba5b254a220eea2bd929947,132602,reserveTicket,anvil
cf51b9b3412d1d52745643ca20390b3ef5807c19ccb8361486008d59a0a140a1,170280,publishUpdate,anvil
d8987bcc86b7d1e822fe6f15f166e0331224badb59fc3f8e8715119a397d03c5,464132,finalizeRound,anvil
c427350fbe9529fcf56d8fdf3e5659274d2c28971ccba9e56df0bc2049364adb,48356,fundRound,anvil
92762b5bf86ca52c3bbc608da120898a200d20aa2efadd6da27fb7aedf6f96fa,132602,reserveTicket,anvil
c6ecc23db213191ec530840e2a5564ba871c52c748eed2c47a970c74f6dafea6,170292,publishUpdate,anvil
0c734672c7ee2c10b3504593f8b6a01b163734948b75580af2636a05015f4152,132602,reserveTicket,anvil
0a5cb83d3c6a8c8e2aa1be31327ab6240ebb0cc95194ac4ba35bb55b5b2cd4d4,170292,publishUpdate,anvil
c4ce8a51f034d616409e2c2422bdb25f094dee955ec5db58df779bda497228c3,132602,reserveTicket,anvil
1ccdf529b1118f09444c76c2174cc0578d728b187cd3fd2e90d942fc948b6cee,170292,publishUpdate,anvil
f5c4f27a049e625a5db3e075af8167a5edf6be53002216537053fa493cdd3769,132602,reserveTicket,anvil
e426a992bcc4ca328fb4e6ee92635d907fb4b8245fdd24e60c36a8e14637dc0b,170292,publishUpdate,anvil
0fa6cda4642bb51f984325adeaf895391d5e21c4a0b588cec961e4dc010008cc,132602,reserveTicket,anvil
c6a3017e3184292fe6b7387ee6199a5a3f95debb6c7c3c3df539690b839455d0,170292,publishUpdate,anvil
010423ad41991fec3ffa7743aabeee9176a3743c954a9aa09c521fa1d9560a2b,132602,reserveTicket,anvil
06011a5684f1c93e766941571b5496558c83d0948c21c87dea274041f6a99b06,170292,publishUpdate,anvil
e2145f3d920bd617be335df05add7063397fba47b424c81bcca4a3902ff43bf7,132602,reserveTicket,anvil
6049d054d8ceda2348e4a6c0cb5bd0fa4e7c142043b248d2de02a70e222df563,170292,publishUpdate,anvil
f9fae1eb4d0e5dac72ec891367c46439c8452eb06066a59db8900091af7b612a,132602,reserveTicket,anvil
d4353fecc2277fd9f960e518206b849422d05b4f16010c4f16641cea5120f0e6,170292,publishUpdate,anvil
b87c9e30813674c78b434998f4e4f2c48c4bfba34dad2d8feccd66974a9eda0e,132602,reserveTicket,anvil
f670aa0a0fe9d38c6fcd4cfcb584842811c5e357b096847cef8d6ae300681f4c,170292,publishUpdate,anvil
dc74bc173bb31977c15cedc236d7b82214d8b9a3bc080895fed39ab0f396c45e,132602,reserveTicket,anvil
a351fbf6b4d865116e4ab1d02dba9a430da8ad3423748820a61e4f20fb83fa0f,170292,publishUpdate,anvil
2d3cf045ba2eea58463fce64fe8403348176f46f9db894a3cd3ed450c6e5419a,132602,reserveTicket,anvil
1bed5c2c3fc47c49c1e8e8624da8cc3207f97ea39efa247f982112c1c8e46e28,170292,publishUpdate,anvil
fb95c53618da90ecfccf17b303cf6b10bbe4d63a3f80e8f5dfb8d541feab2195,132602,reserveTicket,anvil
91138e6eb231e3acedcb116be4c5c06da99f940f809bd70c337873e935c44ce4,170292,publishUpdate,anvil
edc3fd6401805e683a3f70a76e13ed9bb88a53f19c90ce9799c7dc11e19b717e,132602,reserveTicket,anvil
33cb48f8df591f1e016184481df7e245cadb57b3e60099978ac358a0ea1dc8f2,170292,publishUpdate,anvil
06e220bd6e917a3f84b17ac7c56feff2731fec19a0011cbfb9cefd696a26378c,132602,reserveTicket,anvil
7f8cda9031eea57a12b8c1f8f9b1e0fabcb7c488411ab654c50e13308cd3a5d0,170292,publishUpdate,anvil
4e0b0967eb84a7802e5fbe21c64ecc3889fe9d63cddff63b28d6100cc1f4695e,132602,reserveTicket,anvil
c4e07528db9253100a57e3de06639ae922022421ef950838379354b8b2041d8a,170292,publishUpdate,anvil
e54d381266ed83e44958bece028b0beacc6c37baec7773cd1b1fa0bce60f8eab,132602,reserveTicket,anvil
60076413f3246e20947668e9b4b16363417cc7e46dfe663ca1f3ef0d996edc28,170292,publishUpdate,anvil
822a6a6c5c5ff6e5b3d8138275c4cc721e7da2bd55b6c84569e70168abba9b2f,132602,reserveTicket,anvil
464f32f0af329c18aeb58774e27992b320d5f7406c3a9ee6abedb94675b94e67,170292,publishUpdate,anvil
10a025ff67c0f667b37eb9231f140b1a3620c2ed7146bb0140cb7eb07e0e8d6c,132602,reserveTicket,anvil
5829b58a95a105c91b91ec01d244aad17130bef82ec4adf61319dffb1c7b18cc,170292,publishUpdate,anvil
283567bf44a9afa325b180411ad45cc558f266011fab814caf4718c75a1b58a4,132602,reserveTicket,anvil
de35e54d14ca88a50bcc4abd9b18c3bb906ec47068dec2dceb776208e5fb6dff,170292,publishUpdate,anvil
68ac1c9e263b66bfd5cc4ff17401c8d598283943826dae60799ac21db9b7ffed,132602,reserveTicket,anvil
cbcff31ce058366b5ebe52d6200c71795da3fa698b4aacd741dca70412df3805,170292,publishUpdate,anvil
870655027065f48e977f33dfe37a41279f002daf1b1162baab1701fa9c1047bb,464132,finalizeRound,anvil
c9d54dca0d1fa683ea07c5790854cbf23faf1b378f079b40e4cee6196ac32d9b,48356,fundRound,anvil
c869285648794ecf80168ebd4451358a8c81048fb0a47fbacae66ecf1b13aa53,132602,reserveTicket,anvil
2485baecfc4a3f6874cab17fd00482ab31a58f827d5228f4d6b339e0348f0fe4,170292,publishUpdate,anvil
5116aef00e8e42770ebbb5bc73565ac1e70b0e3ffd09a6155e498e117d5adb64,132602,reserveTicket,anvil
fca5dad313779cb4710e4b325819858fba5f0c766f609c7b588bf5552d68747e,170292,publishUpdate,anvil
3d49911e888c26fd1e0290cafd547329925689781103ee2a54e51e95653da553,132602,reserveTicket,anvil
3fceedf8f620060ffd95531017ba734c398a951c75a0639a0bb44302bd66a851,170292,publishUpdate,anvil
a03eca0fd1e72ebf4c6312820fe5777b87a981805ceeef47239aea2195bfab75,132602,reserveTicket,anvil
bd7a73540f8427adba57382cd8f01ac605beec770c7598e6e24e8e8e180fed9d,170292,publishUpdate,anvil
9f59f41e5b9a07907f35e69ddd559ebbf30e9f977df957a648394151334e172e,132602,reserveTicket,anvil
713e27f7b45f8ebcf0e7095f47a548a6a4e8a8669623d260e3d68f1e07532996,170292,publishUpdate,anvil
cb54686f3bb6f44381ea4aa7af00d5e8e1c745c5289f19ee04aa189433053a47,132602,reserveTicket,anvil
04c0a17827c3b7b402f8d0cec25b9ec17e6e0ec9098da4db0549861fa548fdd8,170292,publishUpdate,anvil
35f0efdeb2357d803dccfbb3bb746abfd89034929fbf3a4c1408c6b7c1c6f8cb,132602,reserveTicket,anvil
e8c6bd86c0b0a245b71d1285ec649be3d5a8ddcc1f927bd945b20924704df7b1,170292,publishUpdate,anvil
4cd2301609b81625104a1eb1975507ae98c24343a12b366096055b749c3767e0,132602,reserveTicket,anvil
00ad7d1bd48cba3609e9a15aad56a71cbc2e17446732b168611eeb77764d44ae,170292,publishUpdate,anvil
6fa711baf278f326809421ee3e409f48a0831cf57df9dbee32972cda0d05dd5e,132602,reserveTicket,anvil
c0c0e8df85197f672a4c921891b614390b483c19415b5823375fc66a901f0a84,170292,publishUpdate,anvil
2aa6f409e652da584e8b05b02a67d5d31787e9f4bf72e8a81e441fdf6ab6aac2,132602,reserveTicket,anvil
10f6b73bc9420336716b1a23f02e2bfc42c5e6e2447268d3ef3c1e704a1843d4,170292,publishUpdate,anvil
a76fa0f3ab14fb8ca8e19e626a549ac0f0e27e18a34d3d66e995b0e372d7a62e,132602,reserveTicket,anvil
b1fe43fb02431b26e96a204680cb7bbd7df351211a0823202598a78742e5883e,170292,publishUpdate,anvil
8c9fc794b502d2658220953e004dffbbdf5e5d3a178feb718d4ba83cf0bebe37,132602,reserveTicket,anvil
df1861e4e64c8ad861df4a4ad1698819ed0363f33947eaad5747c3a872d09c8d,170292,publishUpdate,anvil
9cb9c66b295b075aeaf2dee365c60216b0713f0c4aebdbd94759052bb6d428dd,132602,reserveTicket,anvil
c05f2abe5025d2809f5a37ff01d7b43161700af56a8253be0ee51e94c2c2930c,170292,publishUpdate,anvil
2c541da41314dd8debf025d69a7fce48c6ceefb2be415e0d502b6871f1cec658,132602,reserveTicket,anvil
dbcc063c2473735bc673b2327816224e4bf6e59434b0e5b47e64cc1c17aa9297,170292,publishUpdate,anvil
459d8b40c36577bd2372b9ba9d6df765becc87032f3e30647e3ac3d0b2f8c4cf,132602,reserveTicket,anvil
a57619981cf597600461779972bba882e13c40ec9472ffb190f2aee58c5130ca,170292,publishUpdate,anvil
17a9936f58b10b02d54ac1f7f094044536c0ab28b055bfdc2b202239e3b0fe9b,132602,reserveTicket,anvil
c3fb23a31f87551c351a281678e17b1cde5cc2c78f44abfce0fd56af3f60cc53,170292,publishUpdate,anvil
fa7bccfdcac24d38323e6566315402ee4d022b151ed22400e369e06a678324ce,132602,reserveTicket,anvil
d5f45c05f9658cc9804f77d9b140d9adac119db2ce3f749040575153eee22092,170292,publishUpdate,anvil
ddb535f5fadd831b87449871f60a56b148dfdf051c4edc7435474785fd90f749,132602,reserveTicket,anvil
d0f2e7f4edff0ba05cae1ae1e33dedfcb53c7008cfef3130214bbd04a5014785,170268,publishUpdate,anvil
a98e4bceaff771591a49d13e4ceb7383e82d822f5d0b2fac89808fe597f997a6,132602,reserveTicket,anvil
aa4f7294713c097e375dc94daf78ffb8c2296e71e264846603a74c251fc1e23f,170292,publishUpdate,anvil
db7bc78f5117b3513392a8e154b8d14e8b41d33332a57b585ef0300d4ed97e24,132602,reserveTicket,anvil
ae0216103837862785450971fe19e0b954e575fb1afabcf54be54168aad0db15,170292,publishUpdate,anvil
d7434b41c1d154285f87ce3bcc718e13231509f3660bbb32789730a3a6d7245e,464120,finalizeRound,anvil
8f337a4549cf7630e9b0b220207c656281a96bbc096177861ad133e02909ebd0,48356,fundRound,anvil
81f6329f9eabe3eec4c7569987ddaeb2eb3b52070b2ecb02fb54fbe50c88afdd,132602,reserveTicket,anvil
94bc8f2442c4c25d57271420d55298182d497f82c3558316faf4ca99d0d8c039,170292,publishUpdate,anvil
f7563e4fb42b84a61aeb9dd440bc3b3a63d0701a826e88a248f293027132a8eb,132602,reserveTicket,anvil
43ad5cefe24c752dd8e8091fe7fc0563384c2a57b70de883fcdc29129f90b37d,170292,publishUpdate,anvil
8f77130f9eba8f6416dad10f0b1902f77d95d1e5c6cff0d7c7b803925fb7f911,132602,reserveTicket,anvil
f42ee10af7c6d4fe9c36d4ca25fd4b4b47ca70b19fc419d36184cd9caaf48c0f,170292,publishUpdate,anvil
c2fe67978569a739fa8e3bd79c5bafba412ff90b6fc12fac283b5a5fbb740ef2,132602,reserveTicket,anvil
b38e64400fb3484fb1487c2a9e99030d04da9fac65e211f6f1b122b155fd4edb,170292,publishUpdate,anvil
a19c2334beb68c8e1f73631f8b39874a4986fba08b96216d325b6407817aa9ea,132602,reserveTicket,anvil
fce960152ea00080c662045f0fd8fc163d29db0479733e170beadfd3110c7320,170292,publishUpdate,anvil
521241c74f8a622b4e4ed220437c669dca93a191bfccc6eca21f36d13d3c5009,132602,reserveTicket,anvil
04a8cc9f70307f1b0b3b8710dc56878162dfce464f9a487723449a34d183883d,170292,publishUpdate,anvil
d64305e4566cb235a6cf9454d9f7e7c117aedf24a4301a0a4993f6fbb58b2115,132602,reserveTicket,anvil
a93d34e1272ad4fe4649627797cd57b44a49d235b740de284dc22ac36d498a8f,170292,publishUpdate,anvil
a5e6e4a8d1b1f10d5e3bcd044f09ad5b3b47b13ccef8bc213a2e69da172afd50,132602,reserveTicket,anvil
956ef18451bae5866a66e324b3875e6c7049026e67ffbe51614ed8edb3829f3d,170292,publishUpdate,anvil
12dff0a0b0240a3d45db152fa2c7f9022c3fc05744a913e9d5dd2923cd0565b3,132602,reserveTicket,anvil
66c9c536508b1be83fad5ea390f0c5fb0968c3d0aae054703e62bd8b2768b444,170292,publishUpdate,anvil
85d0fd6f77c32e33669b9601d79b0b70697ba8358d8f2c89c7b9cf8a877e1e60,132602,reserveTicket,anvil
6d0260df226f32ebef8bec4e118683bd630abccf888fc00f62ceb68b6166dc9f,170280,publishUpdate,anvil
174d43c673c0784e35c6506ffa8a6a7345e4c6177122ac5d59d06946fceac9fd,132602,reserveTicket,anvil
004620af52e70b5277958f8e552c67b569bf5ee9dec9a0efd0596f1dcd53f052,170292,publishUpdate,anvil
53174229a894358b2914ede8a1498c13a91521fdfbd516c94ac3aaf010b95ac4,132602,reserveTicket,anvil
ac633244258c7e03f4ca7de6ff452e8607556fa83ba6a5b16a87bf601ebb7e93,170292,publishUpdate,anvil
4fe2cf80461587adc08784263e019f6610f26f91cdc7fe0f8da6993650a67139,132602,reserveTicket,anvil
7a4f0ff5697108cb1640b3fed93c5462f4890b9c65923e9d6aa53cbc3bbb9b47,170292,publishUpdate,anvil
d47c4a44664f7cd25575edeaf0196dd44e3d6b4c56cf82b15d8fa1136b8d22bc,132602,reserveTicket,anvil
f885d20ebec5b53457d1edbdad9184c8c1a458066f6c19957c13e8ceffa7836e,170292,publishUpdate,anvil
f56903dbb34d8540fb91916d82197301da496f61fccacb7ec5bf78ddb2efe58e,132602,reserveTicket,anvil
a5b56a3c661861d06d259d9f21f22f9bd3547ad3e0aafba797f168b2e6273565,170280,publishUpdate,anvil
1aebe58d6eddefc97265ba241935b65efc3efc0435e92863ef5a5611a9fa4756,132602,reserveTicket,anvil
22e2da20e4e670f0eb52977214eacd3be22f11ce4be7dd1c488c16a39533d0d6,170292,publishUpdate,anvil
fb648aaef10a5972b1f8bcc83415fc58b5bb53285f3db50b6411352e92bef8de,132602,reserveTicket,anvil
ead1a616be7a3f2c562805485796ff6be179aacf2e0764d9e4a98c6af8bb9a20,170292,publishUpdate,anvil
d2129a8b8bfae5cf5ce9e64c3407c447c167b1413a3189d216fc6dce9009c994,132602,reserveTicket,anvil
aef5295a5d0ee56f24a9e48b7d5b45809dc76fe774cfe4e4c710aca86759653f,170292,publishUpdate,anvil
9939db6abe7a6647e4f6c950b4f7b88aa03d8e8936fc7aa015d0a2e4f9474f8e,132602,reserveTicket,anvil
23f189059773fc22ead13da21350cc8b0379166fc66140e5253cc69482761994,170292,publishUpdate,anvil
0cee160fb3ee62d88de71ad4b638ba23880cffc066bf1f8ca3c7a6e960aa9d53,132602,reserveTicket,anvil
e3e9691cceb933f5b362668110efb9f950371ee302989a133bbda55305615357,170280,publishUpdate,anvil
1b69cd731a05c592832ef13676f817094b6d06ca4797815ce22a9543710d1b14,464132,finalizeRound,anvil
9266999414a46747df755a4a7bb0028e83f625d6022b1f93e7b2c180f951811e,48356,fundRound,anvil
06ffecce3d5e47c0a5f9eb3f90184a4d114f688aff751d47150eff5b654eff9b,132602,reserveTicket,anvil
f7636a10fbb48107d9f6b3a3788414bd76ef9179fbf9923942c89e81deb6c134,170280,publishUpdate,anvil
951ea75ad24d6ac059867ca6d19d2ae9f8fe184179f13709dd2b4c9308d0a9de,132602,reserveTicket,anvil
898bb9c3c728098315aeb35ce0c87d7d54e3800b4d1f55a129202f0b52bc28b8,170292,publishUpdate,anvil
07774be47a6408241209ae528a60d42fafa993b58328b9441076ca419d9692bf,132602,reserveTicket,anvil
a54543c5b98a39a0c0ab28611002e267555c19bfdd14a12f9e877065477c45c8,170292,publishUpdate,anvil
48bd612af6e58348de618a85ba558de859039ec59a9eae8944164104795c34b2,132602,reserveTicket,anvil
4102015daa46249c26226f421a05c8d851b1aa7e60438a6ce8043ae306655eb9,170292,publishUpdate,anvil
69340b6a9019b6745ea7b4bf47ccb9279e9ce91b5837eaf6aa7ea8dad0143585,132602,reserveTicket,anvil
1e79d0632c223e32fb3766063eedeb548f9d3aa9a5e7b32b7be5cb6c6ee5b2a7,170292,publishUpdate,anvil
0290661ac2ff7e9406b9c235cfd6654798137d6e139d39e2a022386cd2a53d7d,132602,reserveTicket,anvil
6212b30aa580201b7dce42d1f73f15693dfca98502ffa4e4df1d2f438b8cb51e,170292,publishUpdate,anvil
b94bba4d00bf0d481ee05225e81600c2e84d8774a934d041df00a6964103e495,132602,reserveTicket,anvil
803af8e8c85ea79e9aa1806d03a4ed5d648571af3d347389cc6f9ba6c14052e2,170292,publishUpdate,anvil
5c5e7cd2e480dc83c3079a7e15dafb2619953fab43f2c5c0b50fb7d27189a546,132602,reserveTicket,anvil
9178b79cb5035bf1d4f5a8a245a2dcf3cdf3e3b0e1d52ed94b9290a14cd58ccd,170292,publishUpdate,anvil
7545f91d0528bc076a88531ad35c3aa06d10bf3470619c0b121167dedecf0ef0,132602,reserveTicket,anvil
48511a3333e42bd0f29db49860de4597120fd06fc099b7f8fe3c87295fb7f435,170292,publishUpdate,anvil
ce3be0ee599117c9ed9b92437e12de7b89ad95d03c91c3af7a85df1dc682a86f,132602,reserveTicket,anvil
b82d40037a4dd54e43db6ba739fdf1d172e1fb530f88c5f14901cd8bdc52c0c8,170292,publishUpdate,anvil
8a1b32b9eee73e1fbdebbaef0d11a6fc99cd52e69b09ec417aae5f4f5a51a544,132602,reserveTicket,anvil
4185b0705296387a4777b5e12930165bd064cf01cedb52b1a48c7d55ce129479,170292,publishUpdate,anvil
236598a5be4f4f21d29a67ed2d15f2d43e68f2fa65a97a58f558d6281bea339a,132602,reserveTicket,anvil
3bcba702f0632233da0e94c26167d98807f15da538b23cb6e9dbd3f453e0d6b2,170292,publishUpdate,anvil
237b3334783a6ca9805fc2904eb466f02f6e98840962fb8ea19f9b4beaf19035,132602,reserveTicket,anvil
1d424988780a7ba2a05b5ef99f0bdbc8dfaedc19261050a864fdc6ac056916fa,170292,publishUpdate,anvil
e8e2eb81c7d1a197a684f2272f09474a669d812ac6c2dc0d06e6c3dbe7856a4b,132602,reserveTicket,anvil
dfa428142d8f51287dbbd9ea82e66dbad10ef771f4556d3d7cd292707d9927a0,170292,publishUpdate,anvil
2622b8253355337461629086b1ed587fa06f503eccbc99b540339cfb8bde2a3b,132602,reserveTicket,anvil
fd06dc5542431f45777277b2d134170b7783b633dc5cffebf78f20b46eada9b4,170292,publishUpdate,anvil
4e19ce957e3e4afd51aa4ef45801e9cdb0f72fec1d5185f4a8195ec0ddcfc496,132602,reserveTicket,anvil
549d3f353a7325582dec117e1f6f3b71fd836f6387875982d99cf632b8aa2d57,170280,publishUpdate,anvil
723380fdb41ffc2f0cbbd6f5103519b727a009f893567548b087633351ae69c3,132602,reserveTicket,anvil
dc375b882b0dff0ebe01e20c7d3f449861952b14e782b442e96d3b93eb6fa643,170292,publishUpdate,anvil
cf70214742f45f629456599511969284486312f4eb829be51747f597d96d87c0,132602,reserveTicket,anvil
21720eb41014a50e7e6677f51d248bf2bb28774e488ff82b9f6ab238fe5c3b1c,170280,publishUpdate,anvil
4c030e0bac4b54a014b8417e26c26123faace1420f68689bb30d2399823f4909,132602,reserveTicket,anvil
25946c909061cea1a2b7a28d9235dfad0b5b5380ad8d84dad1936e99a1c109c7,170292,publishUpdate,anvil
318673094fe261f539dbd1d81a3f4add3d664bdcb8a83ea7d0aaf3c143279192,132602,reserveTicket,anvil
89e313521b947ff6f686678e8c85f6a1947a286cd6926ed46d542567a30282a2,170292,publishUpdate,anvil
bb3e090e25273041c8ef83c3525517196af5c5f66fb0503ee3733c86fe196de2,464120,finalizeRound,anvil
d009a063261ce0d642b8c74e0d59f2c8d5dc7b2add34839b76a303e4b8c01bb0,30943,claim,anvil
31edd807b61739f6e9434c93a3cad3d976f5ccc38ea6f44ddb6963fedb504ec2,30943,claim,anvil
06b3c921ae974d430ba0e4d85ac7a4c879df73109e1b0bb0cc3df7f2753b8d19,30943,claim,anvil
f8ab2547e2d46eaa3542cbb16e9daa5d7a661a406fa19b48264d278f571be66f,30943,claim,anvil
a2d23840216853f01b5c1e60e24c5fee77132f3549560f0945df338951ba83d6,30943,claim,anvil
2ff1ad0bc8da7f4732882184519d6ae24186e88e8fa87d13e9fc161f886cf274,30943,claim,anvil
4c2cdb50343e5a9b3b45749325ed1e3e430463b4c7a8411547f8470adbaf9cfb,30943,claim,anvil
3bdfcb340d330ad7eec74b536e84dda9a76b45c41078022f377de8efb5c8e2f3,30943,claim,anvil
588bd0c90a6e1c6e90c02c246ec2f96829c656fdccd395b8287b142822357c74,30943,claim,anvil
340956e6b90b3b6be1ece74e61ff6c162630d1048c6543775e06c553fb65fdf8,30943,claim,anvil
567cba2151e0f3ddd162fffe6437e89215abb3c8cf2a3f843f556d1aa1bf5d8a,30943,claim,anvil
7d90f750b3051b2b0d65fe9c6f3ba59829912f54f96267368567ffc1b06dbe63,30943,claim,anvil
0b756dafcd112c49e533ac8a81a848fd982846201ff801327cb19938414dec58,30943,claim,anvil
3f39bde7633ccc106e5db1ecde05aa564056888340cc8a46dc159d422c35ddbf,30943,claim,anvil
69f824c84cdeaeaeea2b4a70ac52ca4501fb96ad0a70758563d5c4e548bc27fa,30943,claim,anvil
0c522e5f48d4d46343b339e10f0225431d6eaab20d0f0d0db54435783083afe5,30943,claim,anvil
eaaad978427685e5395de23d71cb51dad2fab5e59b033d3786dec5fe29d966d9,30943,claim,anvil
2757868e8e0cba0171a662bb265b9eed90910b38ace8749a16bee7f279e6ecf8,30943,claim,anvil
30a1251ef71a10875bd178507ba4063f2e1da3b2a4aadf887323de90f0fd7ccf,30943,claim,anvil
9520c76ba6e9d39596cf41dc89a34f0ed922ba9eeedf3fc351c61e5069b08057,30943,claim,anvil
